#VRML V2.0 utf8
# 3D model generated by easyeda2kicad.py (https://github.com/uPesy/easyeda2kicad.py)

Shape{
    appearance Appearance {
        material  Material 	{
            diffuseColor 1.0 1.0 0.0
            specularColor 0.5019607843137255 0.5019607843137255 0.0
            ambientIntensity 0.886
            transparency 0.0
            shininess 0.5
        }
    }
    geometry IndexedFaceSet {
        ccw TRUE
        solid FALSE
        coord DEF co Coordinate {
            point [
                -3.061 3.3582 -0.0039, -3.061 3.0612 -0.0039, -3.2776 3.3582 -0.0039, -3.2776 3.0612 -0.0039, -3.061 3.3582 0.0748, -3.2776 3.3582 0.0748, -3.061 3.0612 0.0748, -3.2776 3.0612 0.0748, -3.061 3.0571 0.0877, -3.2776 3.0571 0.0877, -3.2776 3.0498 0.1062, -3.061 3.0498 0.1062, -3.2776 3.0403 0.1235, -3.061 3.0403 0.1235, -3.2776 3.0287 0.1396, -3.061 3.0287 0.1396, -3.2776 3.0152 0.154, -3.061 3.0152 0.154, -3.2776 2.9999 0.1667, -3.061 2.9999 0.1667, -3.2776 2.9832 0.1773, -3.061 2.9832 0.1773, -3.2776 2.9653 0.1858, -3.061 2.9653 0.1858, -3.2776 2.9464 0.1919, -3.061 2.9464 0.1919, -3.2776 2.927 0.1956, -3.061 2.927 0.1956, -3.2776 2.9072 0.1969, -3.061 2.9072 0.1969, -3.061 2.8858 0.1969, -3.2776 2.8858 0.1969, -3.061 2.8858 0.1181, -3.2776 2.8858 0.1181, -3.061 2.9072 0.1181, -3.2776 2.9072 0.1181, -3.061 2.9213 0.1168, -3.2776 2.9213 0.1168, -3.061 2.9349 0.1131, -3.2776 2.9349 0.1131, -3.061 2.9477 0.1069, -3.2776 2.9477 0.1069, -3.061 2.9591 0.0986, -3.2776 2.9591 0.0986, -3.061 2.9688 0.0884, -3.2776 2.9688 0.0884, -3.061 2.9766 0.0766, -3.2776 2.9766 0.0766, -3.061 2.9821 0.0635, -3.2776 2.9821 0.0635, -3.061 2.9863 0.0506, -3.2776 2.9863 0.0506, -3.2776 2.9918 0.0376, -3.061 2.9918 0.0376, -3.2776 2.9996 0.0258, -3.061 2.9996 0.0258, -3.2776 3.0094 0.0156, -3.061 3.0094 0.0156, -3.2776 3.0208 0.0072, -3.061 3.0208 0.0072, -3.2776 3.0335 0.0011, -3.061 3.0335 0.0011, -3.2776 3.0472 -0.0027, -3.061 3.0472 -0.0027, -1.122 3.3582 -0.0039, -1.122 3.0612 -0.0039, -1.3386 3.3582 -0.0039, -1.3386 3.0612 -0.0039, -1.122 3.3582 0.0748, -1.3386 3.3582 0.0748, -1.122 3.0612 0.0748, -1.3386 3.0612 0.0748, -1.122 3.0571 0.0877, -1.3386 3.0571 0.0877, -1.3386 3.0498 0.1062, -1.122 3.0498 0.1062, -1.3386 3.0403 0.1235, -1.122 3.0403 0.1235, -1.3386 3.0287 0.1396, -1.122 3.0287 0.1396, -1.3386 3.0152 0.154, -1.122 3.0152 0.154, -1.3386 2.9999 0.1667, -1.122 2.9999 0.1667, -1.3386 2.9832 0.1773, -1.122 2.9832 0.1773, -1.3386 2.9653 0.1858, -1.122 2.9653 0.1858, -1.3386 2.9464 0.1919, -1.122 2.9464 0.1919, -1.3386 2.927 0.1956, -1.122 2.927 0.1956, -1.3386 2.9072 0.1969, -1.122 2.9072 0.1969, -1.122 2.8858 0.1969, -1.3386 2.8858 0.1969, -1.122 2.8858 0.1181, -1.3386 2.8858 0.1181, -1.122 2.9072 0.1181, -1.3386 2.9072 0.1181, -1.122 2.9213 0.1168, -1.3386 2.9213 0.1168, -1.122 2.9349 0.1131, -1.3386 2.9349 0.1131, -1.122 2.9477 0.1069, -1.3386 2.9477 0.1069, -1.122 2.9591 0.0986, -1.3386 2.9591 0.0986, -1.122 2.9688 0.0884, -1.3386 2.9688 0.0884, -1.122 2.9766 0.0766, -1.3386 2.9766 0.0766, -1.122 2.9821 0.0635, -1.3386 2.9821 0.0635, -1.122 2.9863 0.0506, -1.3386 2.9863 0.0506, -1.3386 2.9918 0.0376, -1.122 2.9918 0.0376, -1.3386 2.9996 0.0258, -1.122 2.9996 0.0258, -1.3386 3.0094 0.0156, -1.122 3.0094 0.0156, -1.3386 3.0208 0.0072, -1.122 3.0208 0.0072, -1.3386 3.0335 0.0011, -1.122 3.0335 0.0011, -1.3386 3.0472 -0.0027, -1.122 3.0472 -0.0027
            ]
        }
        coordIndex [
            0,1,2,-1,2,1,3,-1,4,0,5,-1,5,0,2,-1,6,4,7,-1,7,4,5,-1,8,6,9,-1,9,6,7,-1,8,9,10,-1,8,10,11,-1,11,10,12,-1,11,12,13,-1,13,12,14,-1,13,14,15,-1,15,14,16,-1,15,16,17,-1,17,16,18,-1,17,18,19,-1,19,18,20,-1,19,20,21,-1,21,20,22,-1,21,22,23,-1,23,22,24,-1,23,24,25,-1,25,24,26,-1,25,26,27,-1,27,26,28,-1,27,28,29,-1,30,29,31,-1,31,29,28,-1,32,30,33,-1,33,30,31,-1,34,32,35,-1,35,32,33,-1,34,35,36,-1,36,35,37,-1,36,37,38,-1,38,37,39,-1,38,39,40,-1,40,39,41,-1,40,41,42,-1,42,41,43,-1,42,43,44,-1,44,43,45,-1,44,45,46,-1,46,45,47,-1,46,47,48,-1,48,47,49,-1,50,48,51,-1,51,48,49,-1,50,51,52,-1,50,52,53,-1,53,52,54,-1,53,54,55,-1,55,54,56,-1,55,56,57,-1,57,56,58,-1,57,58,59,-1,59,58,60,-1,59,60,61,-1,61,60,62,-1,61,62,63,-1,63,62,3,-1,63,3,1,-1,0,4,1,-1,1,4,6,-1,1,6,63,-1,63,6,61,-1,38,40,21,-1,21,40,19,-1,19,40,42,-1,19,42,17,-1,17,42,15,-1,15,42,44,-1,15,44,13,-1,13,44,46,-1,13,46,11,-1,11,46,8,-1,8,46,48,-1,8,48,6,-1,21,23,38,-1,38,23,25,-1,38,25,36,-1,36,25,27,-1,36,27,34,-1,34,27,29,-1,34,29,32,-1,32,29,30,-1,48,50,6,-1,6,50,53,-1,6,53,55,-1,55,57,6,-1,6,57,59,-1,6,59,61,-1,5,2,7,-1,7,2,3,-1,3,62,7,-1,7,62,60,-1,7,60,58,-1,45,12,47,-1,47,12,10,-1,47,10,49,-1,49,10,9,-1,49,9,51,-1,51,9,7,-1,51,7,52,-1,41,18,43,-1,43,18,16,-1,43,16,45,-1,45,16,14,-1,45,14,12,-1,33,31,35,-1,35,31,28,-1,35,28,37,-1,28,26,37,-1,37,26,24,-1,37,24,39,-1,39,24,22,-1,39,22,41,-1,41,22,20,-1,41,20,18,-1,58,56,7,-1,7,56,54,-1,7,54,52,-1,64,65,66,-1,66,65,67,-1,68,64,69,-1,69,64,66,-1,70,68,71,-1,71,68,69,-1,72,70,73,-1,73,70,71,-1,72,73,74,-1,72,74,75,-1,75,74,76,-1,75,76,77,-1,77,76,78,-1,77,78,79,-1,79,78,80,-1,79,80,81,-1,81,80,82,-1,81,82,83,-1,83,82,84,-1,83,84,85,-1,85,84,86,-1,85,86,87,-1,87,86,88,-1,87,88,89,-1,89,88,90,-1,89,90,91,-1,91,90,92,-1,91,92,93,-1,94,93,95,-1,95,93,92,-1,96,94,97,-1,97,94,95,-1,98,96,99,-1,99,96,97,-1,98,99,100,-1,100,99,101,-1,100,101,102,-1,102,101,103,-1,102,103,104,-1,104,103,105,-1,104,105,106,-1,106,105,107,-1,106,107,108,-1,108,107,109,-1,108,109,110,-1,110,109,111,-1,110,111,112,-1,112,111,113,-1,114,112,115,-1,115,112,113,-1,114,115,116,-1,114,116,117,-1,117,116,118,-1,117,118,119,-1,119,118,120,-1,119,120,121,-1,121,120,122,-1,121,122,123,-1,123,122,124,-1,123,124,125,-1,125,124,126,-1,125,126,127,-1,127,126,67,-1,127,67,65,-1,64,68,65,-1,65,68,70,-1,65,70,127,-1,127,70,125,-1,102,104,85,-1,85,104,83,-1,83,104,106,-1,83,106,81,-1,81,106,79,-1,79,106,108,-1,79,108,77,-1,77,108,110,-1,77,110,75,-1,75,110,72,-1,72,110,112,-1,72,112,70,-1,85,87,102,-1,102,87,89,-1,102,89,100,-1,100,89,91,-1,100,91,98,-1,98,91,93,-1,98,93,96,-1,96,93,94,-1,112,114,70,-1,70,114,117,-1,70,117,119,-1,119,121,70,-1,70,121,123,-1,70,123,125,-1,69,66,71,-1,71,66,67,-1,67,126,71,-1,71,126,124,-1,71,124,122,-1,109,76,111,-1,111,76,74,-1,111,74,113,-1,113,74,73,-1,113,73,115,-1,115,73,71,-1,115,71,116,-1,105,82,107,-1,107,82,80,-1,107,80,109,-1,109,80,78,-1,109,78,76,-1,97,95,99,-1,99,95,92,-1,99,92,101,-1,92,90,101,-1,101,90,88,-1,101,88,103,-1,103,88,86,-1,103,86,105,-1,105,86,84,-1,105,84,82,-1,122,120,71,-1,71,120,118,-1,71,118,116,-1,
        ]
    }
}
Shape{
    appearance Appearance {
        material  Material 	{
            diffuseColor 1.0 1.0 1.0
            specularColor 0.5019607843137255 0.5019607843137255 0.5019607843137255
            ambientIntensity 1.0
            transparency 0.0
            shininess 0.5
        }
    }
    geometry IndexedFaceSet {
        ccw TRUE
        solid FALSE
        coord DEF co Coordinate {
            point [
                3.8484 -0.59 0.2119, 3.8484 -0.2046 0.5353, 3.5335 -0.59 0.2119, 3.5335 -0.2046 0.5353, 3.8484 -0.5394 0.1516, 3.5335 -0.5394 0.1516, 3.8484 -0.154 0.4749, 3.5335 -0.154 0.4749, 3.8484 -0.1199 0.498, 3.5335 -0.1199 0.498, 3.8484 -0.0817 0.5134, 3.5335 -0.0817 0.5134, 3.8484 -0.0412 0.5205, 3.5335 -0.0412 0.5205, 3.8484 -0.0001 0.5191, 3.5335 -0.0001 0.5191, 3.8484 0.0398 0.5091, 3.5335 0.0398 0.5091, 3.8484 1.0815 0.13, 3.5335 1.0815 0.13, 3.5335 1.1147 0.1211, 3.8484 1.1147 0.1211, 3.5335 1.1489 0.1181, 3.8484 1.1489 0.1181, 3.8484 1.311 0.1181, 3.5335 1.311 0.1181, 3.8484 1.311 0.1969, 3.5335 1.311 0.1969, 3.8484 1.1489 0.1969, 3.5335 1.1489 0.1969, 3.8484 1.1283 0.1986, 3.5335 1.1283 0.1986, 3.8484 1.1085 0.204, 3.5335 1.1085 0.204, 3.8484 0.0668 0.5831, 3.5335 0.0668 0.5831, 3.5335 0.0204 0.5956, 3.8484 0.0204 0.5956, 3.5335 -0.0275 0.5997, 3.8484 -0.0275 0.5997, 3.5335 -0.0753 0.5956, 3.8484 -0.0753 0.5956, 3.5335 -0.1217 0.5831, 3.8484 -0.1217 0.5831, 3.5335 -0.1653 0.5628, 3.8484 -0.1653 0.5628
            ]
        }
        coordIndex [
            0,1,2,-1,2,1,3,-1,4,0,5,-1,5,0,2,-1,6,4,7,-1,7,4,5,-1,6,7,8,-1,8,7,9,-1,8,9,10,-1,10,9,11,-1,10,11,12,-1,12,11,13,-1,12,13,14,-1,14,13,15,-1,14,15,16,-1,16,15,17,-1,18,16,19,-1,19,16,17,-1,18,19,20,-1,18,20,21,-1,21,20,22,-1,21,22,23,-1,24,23,25,-1,25,23,22,-1,26,24,27,-1,27,24,25,-1,28,26,29,-1,29,26,27,-1,28,29,30,-1,30,29,31,-1,30,31,32,-1,32,31,33,-1,34,32,35,-1,35,32,33,-1,34,35,36,-1,34,36,37,-1,37,36,38,-1,37,38,39,-1,39,38,40,-1,39,40,41,-1,41,40,42,-1,41,42,43,-1,43,42,44,-1,43,44,45,-1,45,44,3,-1,45,3,1,-1,0,4,1,-1,1,4,6,-1,1,6,45,-1,45,6,8,-1,45,8,43,-1,43,8,10,-1,43,10,41,-1,41,10,12,-1,24,26,23,-1,23,26,28,-1,23,28,21,-1,21,28,30,-1,21,30,18,-1,18,30,32,-1,18,32,16,-1,16,32,34,-1,16,34,14,-1,14,34,37,-1,14,37,12,-1,12,37,39,-1,12,39,41,-1,5,2,7,-1,7,2,3,-1,7,3,9,-1,9,3,44,-1,9,44,11,-1,27,25,29,-1,29,25,22,-1,29,22,31,-1,31,22,20,-1,31,20,33,-1,33,20,19,-1,33,19,35,-1,35,19,17,-1,35,17,36,-1,36,17,15,-1,36,15,38,-1,38,15,13,-1,38,13,40,-1,40,13,11,-1,40,11,42,-1,42,11,44,-1,
        ]
    }
}
Shape{
    appearance Appearance {
        material  Material 	{
            diffuseColor 1.0 1.0 0.0
            specularColor 0.5019607843137255 0.5019607843137255 0.0
            ambientIntensity 0.886
            transparency 0.0
            shininess 0.5
        }
    }
    geometry IndexedFaceSet {
        ccw TRUE
        solid FALSE
        coord DEF co Coordinate {
            point [
                2.815 3.3582 -0.0039, 2.815 3.0612 -0.0039, 2.5984 3.3582 -0.0039, 2.5984 3.0612 -0.0039, 2.815 3.3582 0.0748, 2.5984 3.3582 0.0748, 2.815 3.0612 0.0748, 2.5984 3.0612 0.0748, 2.815 3.0571 0.0877, 2.5984 3.0571 0.0877, 2.5984 3.0498 0.1062, 2.815 3.0498 0.1062, 2.5984 3.0403 0.1235, 2.815 3.0403 0.1235, 2.5984 3.0287 0.1396, 2.815 3.0287 0.1396, 2.5984 3.0152 0.154, 2.815 3.0152 0.154, 2.5984 2.9999 0.1667, 2.815 2.9999 0.1667, 2.5984 2.9832 0.1773, 2.815 2.9832 0.1773, 2.5984 2.9653 0.1858, 2.815 2.9653 0.1858, 2.5984 2.9464 0.1919, 2.815 2.9464 0.1919, 2.5984 2.927 0.1956, 2.815 2.927 0.1956, 2.5984 2.9072 0.1969, 2.815 2.9072 0.1969, 2.815 2.8858 0.1969, 2.5984 2.8858 0.1969, 2.815 2.8858 0.1181, 2.5984 2.8858 0.1181, 2.815 2.9072 0.1181, 2.5984 2.9072 0.1181, 2.815 2.9213 0.1168, 2.5984 2.9213 0.1168, 2.815 2.9349 0.1131, 2.5984 2.9349 0.1131, 2.815 2.9477 0.1069, 2.5984 2.9477 0.1069, 2.815 2.9591 0.0986, 2.5984 2.9591 0.0986, 2.815 2.9688 0.0884, 2.5984 2.9688 0.0884, 2.815 2.9766 0.0766, 2.5984 2.9766 0.0766, 2.815 2.9821 0.0635, 2.5984 2.9821 0.0635, 2.815 2.9863 0.0506, 2.5984 2.9863 0.0506, 2.5984 2.9918 0.0376, 2.815 2.9918 0.0376, 2.5984 2.9996 0.0258, 2.815 2.9996 0.0258, 2.5984 3.0094 0.0156, 2.815 3.0094 0.0156, 2.5984 3.0208 0.0072, 2.815 3.0208 0.0072, 2.5984 3.0335 0.0011, 2.815 3.0335 0.0011, 2.5984 3.0472 -0.0027, 2.815 3.0472 -0.0027
            ]
        }
        coordIndex [
            0,1,2,-1,2,1,3,-1,4,0,5,-1,5,0,2,-1,6,4,7,-1,7,4,5,-1,8,6,9,-1,9,6,7,-1,8,9,10,-1,8,10,11,-1,11,10,12,-1,11,12,13,-1,13,12,14,-1,13,14,15,-1,15,14,16,-1,15,16,17,-1,17,16,18,-1,17,18,19,-1,19,18,20,-1,19,20,21,-1,21,20,22,-1,21,22,23,-1,23,22,24,-1,23,24,25,-1,25,24,26,-1,25,26,27,-1,27,26,28,-1,27,28,29,-1,30,29,31,-1,31,29,28,-1,32,30,33,-1,33,30,31,-1,34,32,35,-1,35,32,33,-1,34,35,36,-1,36,35,37,-1,36,37,38,-1,38,37,39,-1,38,39,40,-1,40,39,41,-1,40,41,42,-1,42,41,43,-1,42,43,44,-1,44,43,45,-1,44,45,46,-1,46,45,47,-1,46,47,48,-1,48,47,49,-1,50,48,51,-1,51,48,49,-1,50,51,52,-1,50,52,53,-1,53,52,54,-1,53,54,55,-1,55,54,56,-1,55,56,57,-1,57,56,58,-1,57,58,59,-1,59,58,60,-1,59,60,61,-1,61,60,62,-1,61,62,63,-1,63,62,3,-1,63,3,1,-1,0,4,1,-1,1,4,6,-1,1,6,63,-1,63,6,61,-1,38,40,21,-1,21,40,19,-1,19,40,42,-1,19,42,17,-1,17,42,15,-1,15,42,44,-1,15,44,13,-1,13,44,46,-1,13,46,11,-1,11,46,8,-1,8,46,48,-1,8,48,6,-1,21,23,38,-1,38,23,25,-1,38,25,36,-1,36,25,27,-1,36,27,34,-1,34,27,29,-1,34,29,32,-1,32,29,30,-1,48,50,6,-1,6,50,53,-1,6,53,55,-1,55,57,6,-1,6,57,59,-1,6,59,61,-1,5,2,7,-1,7,2,3,-1,3,62,7,-1,7,62,60,-1,7,60,58,-1,45,12,47,-1,47,12,10,-1,47,10,49,-1,49,10,9,-1,49,9,51,-1,51,9,7,-1,51,7,52,-1,41,18,43,-1,43,18,16,-1,43,16,45,-1,45,16,14,-1,45,14,12,-1,33,31,35,-1,35,31,28,-1,35,28,37,-1,28,26,37,-1,37,26,24,-1,37,24,39,-1,39,24,22,-1,39,22,41,-1,41,22,20,-1,41,20,18,-1,58,56,7,-1,7,56,54,-1,7,54,52,-1,
        ]
    }
}
Shape{
    appearance Appearance {
        material  Material 	{
            diffuseColor 0.25098039215686274 0.25098039215686274 0.25098039215686274
            specularColor 0.12549019607843137 0.12549019607843137 0.12549019607843137
            ambientIntensity 0.251
            transparency 0.0
            shininess 0.5
        }
    }
    geometry IndexedFaceSet {
        ccw TRUE
        solid FALSE
        coord DEF co Coordinate {
            point [
                4.7559 0.3267 0.1969, 4.7559 0.3267 0.9055, 3.9173 0.3267 0.1969, 3.9173 0.3267 0.9055, -3.6122 0.3267 0.2756, -3.6122 0.3267 0.1969, -3.4252 0.3267 0.2756, -3.4252 0.3267 0.1969, -2.4409 0.3267 0.1969, -2.4409 0.3267 0.9055, -2.9724 0.3267 0.1969, -2.9724 0.3267 0.9055, -1.4567 0.3267 0.1969, -1.4567 0.3267 0.9055, -1.9882 0.3267 0.1969, -1.9882 0.3267 0.9055, -0.4724 0.3267 0.1969, -0.4724 0.3267 0.9055, -1.0039 0.3267 0.1969, -1.0039 0.3267 0.9055, 0.5118 0.3267 0.1969, 0.5118 0.3267 0.9055, -0.0197 0.3267 0.1969, -0.0197 0.3267 0.9055, 1.4961 0.3267 0.1969, 1.4961 0.3267 0.9055, 0.9646 0.3267 0.1969, 0.9646 0.3267 0.9055, -4.3259 0.3267 0.2756, -4.3259 0.3267 0.9055, -5.1378 0.3267 0.9055, -5.1378 0.3267 0.0, -4.7441 0.3267 0.0, -4.7441 0.3267 0.1969, -4.065 0.3267 0.1969, -4.065 0.3267 0.2756, 2.9331 0.3267 0.9055, 2.9331 0.3267 0.1969, 3.4646 0.3267 0.9055, 3.4646 0.3267 0.1969, -4.7559 -2.0355 0.9055, -5.1378 -2.0355 0.9055, -4.7559 -3.6103 0.9055, -5.1378 -3.6103 0.9055, 2.4803 0.3267 0.1969, 2.4803 0.3267 0.9055, 1.9488 0.3267 0.1969, 1.9488 0.3267 0.9055, -4.7441 -2.0355 0.0, -4.7441 -2.0355 0.1969, -4.7441 -0.7559 0.0, -4.7559 -2.0355 0.1969, -5.1378 -2.0355 0.0, -5.1378 -3.6103 0.0, -4.7559 -3.6103 0.1969, -4.2324 -3.6103 0.1969, -4.2324 -3.6103 0.0, -4.2077 -3.6072 0.0, -4.1371 -3.5986 0.1969, -4.1371 -3.5986 0.0, -4.0475 -3.5642 0.0, -4.0475 -3.5642 0.1969, -3.9689 -3.5091 0.0, -3.9689 -3.5091 0.1969, -3.906 -3.4367 0.0, -3.906 -3.4367 0.1969, -3.8624 -3.3512 0.0, -3.8624 -3.3512 0.1969, -3.4778 -2.2945 0.1969, -3.5187 -2.4069 0.0, -3.4778 -2.2945 0.0, -3.4342 -2.209 0.1969, -3.4342 -2.209 0.0, -3.3713 -2.1366 0.1969, -3.3713 -2.1366 0.0, -3.2927 -2.0815 0.1969, -3.2927 -2.0815 0.0, -3.2031 -2.0472 0.1969, -3.2031 -2.0472 0.0, -3.1078 -2.0355 0.1969, -3.1078 -2.0355 0.0, -2.7067 -2.0355 0.0, -1.7224 -2.0355 0.0, -0.7382 -2.0355 0.0, 0.2461 -2.0355 0.0, 3.1078 -2.0355 0.1969, 2.2146 -2.0355 0.0, 3.1078 -2.0355 0.0, 3.4778 -2.2945 0.0, 3.4778 -2.2945 0.1969, 3.4342 -2.209 0.0, 3.4342 -2.209 0.1969, 3.3713 -2.1366 0.0, 3.3713 -2.1366 0.1969, 3.2927 -2.0815 0.0, 3.2927 -2.0815 0.1969, 3.2031 -2.0472 0.0, 3.2031 -2.0472 0.1969, 3.189 -2.0454 0.0, 3.8624 -3.3512 0.0, 3.8624 -3.3512 0.1969, 3.906 -3.4367 0.0, 3.906 -3.4367 0.1969, 3.9689 -3.5091 0.0, 3.9689 -3.5091 0.1969, 3.9764 -3.5144 0.0, 4.0475 -3.5642 0.1969, 4.0475 -3.5642 0.0, 4.1371 -3.5986 0.0, 4.1371 -3.5986 0.1969, 4.2324 -3.6103 0.0, 4.2324 -3.6103 0.1969, 4.7559 -3.6103 0.1969, 5.1378 -3.6103 0.0, 4.7559 -3.6103 0.9055, 5.1378 -3.6103 0.9055, 5.1378 0.0512 0.9055, 5.1378 -0.7559 0.0, 5.1378 0.0512 0.0, 4.2717 0.9173 0.9055, 4.2717 0.9173 0.0, 4.2717 1.5571 0.0, 4.2717 1.8622 0.0, 4.2717 2.8858 0.9055, 4.2717 2.3346 0.0, 4.2717 2.8858 0.0, 3.9764 2.8858 0.0, 3.189 2.8858 0.0, 2.2146 2.8858 0.0, 0.2461 2.8858 0.0, -0.7382 2.8858 0.0, -5.1378 2.8858 0.9055, -1.7224 2.8858 0.0, -2.7067 2.8858 0.0, -3.5187 2.8858 0.0, -4.2077 2.8858 0.0, -5.1378 2.8858 0.0, -5.1378 2.3346 0.0, -5.1378 1.8622 0.0, -5.1378 1.5571 0.0, 2.9331 1.311 0.9055, 3.9173 1.311 0.9055, 3.4646 1.311 0.9055, 1.9488 1.311 0.9055, -4.3192 1.9738 0.9055, -4.2995 2.0213 0.9055, -3.2797 2.0933 0.9055, -3.2389 2.0621 0.9055, 2.4803 1.311 0.9055, -4.2682 2.0621 0.9055, -4.2274 2.0933 0.9055, -4.18 2.113 0.9055, -3.2076 2.0213 0.9055, -3.1879 1.9738 0.9055, -3.1812 1.9229 0.9055, -4.3259 1.9229 0.9055, -3.1812 1.311 0.9055, -2.9724 1.311 0.9055, -3.3271 2.113 0.9055, -4.129 2.1197 0.9055, -3.3781 2.1197 0.9055, -2.4409 1.311 0.9055, -1.9882 1.311 0.9055, -1.4567 1.311 0.9055, -1.0039 1.311 0.9055, -0.4724 1.311 0.9055, -0.0197 1.311 0.9055, 0.5118 1.311 0.9055, 0.9646 1.311 0.9055, 1.4961 1.311 0.9055, -4.2077 1.8622 0.0, -4.2077 2.3346 0.0, -3.5187 2.3346 0.0, 3.5925 2.3541 0.0, 3.5671 2.3346 0.0, 3.189 2.3346 0.0, 3.9959 2.246 0.0, 3.9764 2.2714 0.0, 3.9764 2.3346 0.0, -4.2077 1.5571 0.0, -4.2077 -0.7559 0.0, -3.5187 -0.7559 0.0, 0.2461 -0.7559 0.0, -0.7382 -0.7559 0.0, -1.7224 -0.7559 0.0, -2.7067 -0.7559 0.0, 3.4646 -1.0512 0.0, 3.189 -0.7559 0.0, 2.2146 -0.7559 0.0, 3.9173 -1.0512 0.0, 3.9764 -0.7559 0.0, 3.9764 1.8622 0.0, 3.9764 1.5571 0.0, 3.9959 1.9508 0.0, 3.9764 1.9254 0.0, 3.9489 1.8896 0.0, 4.0254 2.1748 0.0, 4.0354 2.0984 0.0, 4.0254 2.022 0.0, 3.4449 2.0984 0.0, 3.4549 2.022 0.0, 3.189 1.8622 0.0, 3.5314 2.3072 0.0, 3.4844 2.246 0.0, 3.4549 2.1748 0.0, 3.4844 1.9508 0.0, 3.5314 1.8896 0.0, 3.5671 1.8622 0.0, 3.8166 2.3836 0.0, 3.7402 2.3937 0.0, 3.6637 2.3836 0.0, 3.9489 2.3072 0.0, 3.9132 2.3346 0.0, 3.8878 2.3541 0.0, 3.7402 1.8031 0.0, 3.8166 1.8132 0.0, 3.8878 1.8427 0.0, 3.9132 1.8622 0.0, 3.6637 1.8132 0.0, 3.189 1.5571 0.0, 3.5925 1.8427 0.0, 3.9173 -0.7559 0.0, 3.9173 1.311 0.0, 3.4646 1.311 0.0, 3.4646 -0.7559 0.0, 2.2146 2.3346 0.0, 0.2461 2.3346 0.0, -0.7382 2.3346 0.0, -1.7224 2.3346 0.0, -4.7047 2.0984 0.0, -4.6987 2.0525 0.0, -4.681 2.0098 0.0, -4.6528 1.9731 0.0, -4.6161 1.945 0.0, -4.439 1.945 0.0, -4.4023 1.9731 0.0, -4.6161 2.2518 0.0, -4.6528 2.2237 0.0, -4.5734 1.9273 0.0, -4.5276 1.9212 0.0, -4.4817 1.9273 0.0, -4.3741 2.0098 0.0, -4.3564 2.0525 0.0, -4.3504 2.0984 0.0, -4.3564 2.1443 0.0, -4.3741 2.187 0.0, -4.4023 2.2237 0.0, -4.439 2.2518 0.0, -4.4817 2.2695 0.0, -4.5276 2.2756 0.0, -4.5734 2.2695 0.0, -4.681 2.187 0.0, -4.6987 2.1443 0.0, 2.2146 1.8622 0.0, 0.2461 1.8622 0.0, -0.7382 1.8622 0.0, -1.7224 1.8622 0.0, -2.7067 1.8622 0.0, -3.5187 1.8622 0.0, -2.7067 2.3346 0.0, 0.2461 1.5571 0.0, -0.7382 1.5571 0.0, -1.7224 1.5571 0.0, -2.7067 1.5571 0.0, -3.5187 1.5571 0.0, 2.2146 1.5571 0.0, -3.6122 -0.4607 0.0, -4.065 -0.4607 0.0, -4.065 1.311 0.0, -3.6122 1.311 0.0, -3.4252 1.311 0.0, -3.4252 -0.4607 0.0, -2.9724 1.311 0.0, -2.9724 -0.4607 0.0, -1.9882 -0.4607 0.0, -2.4409 -0.4607 0.0, -2.4409 1.311 0.0, -1.9882 1.311 0.0, -1.0039 -0.4607 0.0, -1.4567 -0.4607 0.0, -1.4567 1.311 0.0, -1.0039 1.311 0.0, -0.0197 -0.4607 0.0, -0.4724 -0.4607 0.0, -0.4724 1.311 0.0, -0.0197 1.311 0.0, 0.9646 1.311 0.0, 0.5118 1.311 0.0, 1.9488 1.311 0.0, 1.4961 1.311 0.0, 0.5118 -0.4607 0.0, 0.9646 -0.4607 0.0, 1.9488 -0.4607 0.0, 1.4961 -0.4607 0.0, 2.9331 -0.4607 0.0, 2.4803 -0.4607 0.0, 2.4803 1.311 0.0, 2.9331 1.311 0.0, 3.9173 -1.0512 0.1969, 3.4646 -1.0512 0.1969, 1.4961 -0.4607 0.1969, 1.9488 -0.4607 0.1969, 2.4803 -0.4607 0.1969, 0.5118 -0.4607 0.1969, -0.0197 -0.4607 0.1969, 2.9331 -0.4607 0.1969, 0.9646 -0.4607 0.1969, -0.4724 -0.4607 0.1969, -4.065 -0.4607 0.1969, -3.4252 -0.4607 0.1969, -3.6122 -0.4607 0.1969, -2.4409 -0.4607 0.1969, -2.9724 -0.4607 0.1969, -1.0039 -0.4607 0.1969, -1.4567 -0.4607 0.1969, -1.9882 -0.4607 0.1969, -4.3259 1.9229 0.2756, -4.129 2.1197 0.2756, -4.18 2.113 0.2756, -4.2274 2.0933 0.2756, -4.2682 2.0621 0.2756, -4.2995 2.0213 0.2756, -4.3192 1.9738 0.2756, -3.3781 2.1197 0.2756, -3.1812 1.9229 0.2756, -3.1879 1.9738 0.2756, -3.2076 2.0213 0.2756, -3.2389 2.0621 0.2756, -3.2797 2.0933 0.2756, -3.3271 2.113 0.2756, -3.1812 1.311 0.2756, -3.4252 1.311 0.2756, -3.6122 1.311 0.2756, -4.065 1.311 0.2756, 3.8878 1.8427 -0.2756, 3.9489 1.8896 -0.2756, 3.8166 1.8132 -0.2756, 3.7402 1.8031 -0.2756, 3.6637 1.8132 -0.2756, 3.5925 1.8427 -0.2756, 3.5314 1.8896 -0.2756, 3.4844 1.9508 -0.2756, 3.4549 2.022 -0.2756, 3.4449 2.0984 -0.2756, 3.4549 2.1748 -0.2756, 3.4844 2.246 -0.2756, 3.5314 2.3072 -0.2756, 3.5925 2.3541 -0.2756, 3.6637 2.3836 -0.2756, 3.7402 2.3937 -0.2756, 3.8166 2.3836 -0.2756, 3.8878 2.3541 -0.2756, 3.9489 2.3072 -0.2756, 3.9959 2.246 -0.2756, 4.0254 2.1748 -0.2756, 4.0354 2.0984 -0.2756, 4.0254 2.022 -0.2756, 3.9959 1.9508 -0.2756, 3.5526 1.9901 -0.3543, 3.531 2.0424 -0.3543, 3.7402 2.0984 -0.3543, 3.5236 2.0984 -0.3543, 3.531 2.1544 -0.3543, 3.6841 1.8892 -0.3543, 3.6319 1.9109 -0.3543, 3.587 1.9453 -0.3543, 3.8484 1.9109 -0.3543, 3.7962 1.8892 -0.3543, 3.7402 1.8819 -0.3543, 3.9493 2.0424 -0.3543, 3.9277 1.9901 -0.3543, 3.8933 1.9453 -0.3543, 3.9277 2.2067 -0.3543, 3.9493 2.1544 -0.3543, 3.9567 2.0984 -0.3543, 3.7962 2.3076 -0.3543, 3.8484 2.2859 -0.3543, 3.8933 2.2515 -0.3543, 3.6319 2.2859 -0.3543, 3.6841 2.3076 -0.3543, 3.7402 2.3149 -0.3543, 3.5526 2.2067 -0.3543, 3.587 2.2515 -0.3543, -4.3564 2.1443 -0.2756, -4.3741 2.187 -0.2756, -4.4023 2.2237 -0.2756, -4.439 2.2518 -0.2756, -4.4817 2.2695 -0.2756, -4.5276 2.2756 -0.2756, -4.5734 2.2695 -0.2756, -4.6161 2.2518 -0.2756, -4.6528 2.2237 -0.2756, -4.681 2.187 -0.2756, -4.6987 2.1443 -0.2756, -4.7047 2.0984 -0.2756, -4.6987 2.0525 -0.2756, -4.681 2.0098 -0.2756, -4.6528 1.9731 -0.2756, -4.6161 1.945 -0.2756, -4.5734 1.9273 -0.2756, -4.5276 1.9212 -0.2756, -4.4817 1.9273 -0.2756, -4.439 1.945 -0.2756, -4.4023 1.9731 -0.2756, -4.3741 2.0098 -0.2756, -4.3564 2.0525 -0.2756, -4.3504 2.0984 -0.2756, -4.6128 2.0492 -0.3543, -4.6226 2.0729 -0.3543, -4.5276 2.0984 -0.3543, -4.626 2.0984 -0.3543, -4.6226 2.1239 -0.3543, -4.553 2.0033 -0.3543, -4.5768 2.0132 -0.3543, -4.5972 2.0288 -0.3543, -4.4783 2.0132 -0.3543, -4.5021 2.0033 -0.3543, -4.5276 2.0 -0.3543, -4.4325 2.0729 -0.3543, -4.4423 2.0492 -0.3543, -4.458 2.0288 -0.3543, -4.4423 2.1476 -0.3543, -4.4325 2.1239 -0.3543, -4.4291 2.0984 -0.3543, -4.5021 2.1935 -0.3543, -4.4783 2.1836 -0.3543, -4.458 2.168 -0.3543, -4.5768 2.1836 -0.3543, -4.553 2.1935 -0.3543, -4.5276 2.1968 -0.3543, -4.6128 2.1476 -0.3543, -4.5972 2.168 -0.3543, -3.9961 1.311 0.1969, -3.9961 1.311 0.1181, -3.6811 1.311 0.1181, -3.6811 1.311 0.1969, -3.0413 1.311 0.1969, -3.3563 1.311 0.1969, -3.3563 1.311 0.1181, -3.0413 1.311 0.1181, 2.5492 1.311 0.1181, 2.5492 1.311 0.1969, 2.8642 1.311 0.1181, 2.8642 1.311 0.1969, 1.565 1.311 0.1181, 1.565 1.311 0.1969, 1.8799 1.311 0.1181, 1.8799 1.311 0.1969, 0.5807 1.311 0.1181, 0.5807 1.311 0.1969, 0.8957 1.311 0.1181, 0.8957 1.311 0.1969, -0.4035 1.311 0.1181, -0.4035 1.311 0.1969, -0.0886 1.311 0.1181, -0.0886 1.311 0.1969, -1.3878 1.311 0.1181, -1.3878 1.311 0.1969, -1.0728 1.311 0.1181, -1.0728 1.311 0.1969, -2.372 1.311 0.1181, -2.372 1.311 0.1969, -2.0571 1.311 0.1181, -2.0571 1.311 0.1969
            ]
        }
        coordIndex [
            0,1,2,-1,2,1,3,-1,4,5,6,-1,6,5,7,-1,8,9,10,-1,10,9,11,-1,12,13,14,-1,14,13,15,-1,16,17,18,-1,18,17,19,-1,20,21,22,-1,22,21,23,-1,24,25,26,-1,26,25,27,-1,28,29,30,-1,31,32,30,-1,30,32,33,-1,30,33,28,-1,28,33,34,-1,28,34,35,-1,36,37,38,-1,38,37,39,-1,40,41,42,-1,42,41,43,-1,44,45,46,-1,46,45,47,-1,48,49,50,-1,50,49,33,-1,50,33,32,-1,49,48,51,-1,51,48,52,-1,51,52,40,-1,40,52,41,-1,43,41,53,-1,53,41,52,-1,42,43,54,-1,54,43,53,-1,54,53,55,-1,55,53,56,-1,55,56,57,-1,55,57,58,-1,57,59,58,-1,58,59,60,-1,58,60,61,-1,61,60,62,-1,61,62,63,-1,63,62,64,-1,63,64,65,-1,65,64,66,-1,65,66,67,-1,67,66,68,-1,68,66,69,-1,68,69,70,-1,68,70,71,-1,71,70,72,-1,71,72,73,-1,73,72,74,-1,73,74,75,-1,75,74,76,-1,75,76,77,-1,77,76,78,-1,77,78,79,-1,79,78,80,-1,80,81,79,-1,79,81,82,-1,82,83,79,-1,79,83,84,-1,79,84,85,-1,85,84,86,-1,85,86,87,-1,88,89,90,-1,90,89,91,-1,90,91,92,-1,92,91,93,-1,92,93,94,-1,94,93,95,-1,94,95,96,-1,96,95,97,-1,96,97,98,-1,98,97,85,-1,98,85,87,-1,88,99,89,-1,89,99,100,-1,100,99,101,-1,100,101,102,-1,102,101,103,-1,102,103,104,-1,104,103,105,-1,104,105,106,-1,105,107,106,-1,106,107,108,-1,106,108,109,-1,109,108,110,-1,109,110,111,-1,111,110,112,-1,112,110,113,-1,112,113,114,-1,114,113,115,-1,115,113,116,-1,116,113,117,-1,116,117,118,-1,119,116,120,-1,120,116,118,-1,120,121,119,-1,119,121,122,-1,119,122,123,-1,123,122,124,-1,123,124,125,-1,125,126,123,-1,123,126,127,-1,123,127,128,-1,128,129,123,-1,123,129,130,-1,123,130,131,-1,131,130,132,-1,131,132,133,-1,133,134,131,-1,131,134,135,-1,131,135,136,-1,136,137,131,-1,131,137,138,-1,131,138,30,-1,30,138,139,-1,30,139,31,-1,1,114,115,-1,140,36,38,-1,141,3,1,-1,115,116,1,-1,1,116,119,-1,1,119,141,-1,141,119,123,-1,141,123,142,-1,142,123,131,-1,143,47,45,-1,144,145,131,-1,146,147,148,-1,145,149,131,-1,131,149,150,-1,131,150,151,-1,147,152,148,-1,148,152,153,-1,148,153,154,-1,30,29,131,-1,131,29,155,-1,131,155,144,-1,154,156,157,-1,38,142,140,-1,140,142,131,-1,140,131,148,-1,148,131,158,-1,148,158,146,-1,151,159,131,-1,131,159,160,-1,131,160,158,-1,11,9,157,-1,157,9,161,-1,157,161,154,-1,154,161,162,-1,15,13,162,-1,162,13,163,-1,162,163,154,-1,154,163,164,-1,19,17,164,-1,164,17,165,-1,164,165,154,-1,154,165,166,-1,23,21,166,-1,166,21,167,-1,166,167,154,-1,154,167,168,-1,27,25,168,-1,168,25,169,-1,168,169,154,-1,154,169,143,-1,154,143,148,-1,148,143,45,-1,139,138,170,-1,170,171,172,-1,173,174,175,-1,176,177,178,-1,32,31,139,-1,32,179,50,-1,50,179,180,-1,50,180,48,-1,64,62,180,-1,180,62,60,-1,53,52,56,-1,56,52,48,-1,56,48,57,-1,57,48,180,-1,57,180,59,-1,59,180,60,-1,76,74,181,-1,181,74,72,-1,72,70,181,-1,181,70,69,-1,181,69,180,-1,180,69,66,-1,180,66,64,-1,81,80,181,-1,181,80,78,-1,181,78,76,-1,182,83,183,-1,183,83,82,-1,183,82,184,-1,184,82,81,-1,184,81,185,-1,185,81,181,-1,186,98,187,-1,187,98,87,-1,187,87,188,-1,188,87,86,-1,188,86,84,-1,88,90,189,-1,90,92,189,-1,189,92,94,-1,189,94,186,-1,186,94,96,-1,186,96,98,-1,189,105,103,-1,103,101,189,-1,189,101,99,-1,189,99,88,-1,117,113,190,-1,190,113,110,-1,110,108,190,-1,190,108,107,-1,190,107,105,-1,191,122,192,-1,192,122,121,-1,192,121,120,-1,193,122,194,-1,194,122,191,-1,194,191,195,-1,196,124,197,-1,197,124,122,-1,197,122,198,-1,198,122,193,-1,126,125,178,-1,178,125,124,-1,178,124,176,-1,176,124,196,-1,199,200,201,-1,174,202,175,-1,175,202,203,-1,175,203,204,-1,200,205,201,-1,201,205,206,-1,201,206,207,-1,126,208,209,-1,126,209,127,-1,127,209,210,-1,127,210,173,-1,177,211,178,-1,178,211,212,-1,178,212,126,-1,126,212,213,-1,126,213,208,-1,214,215,192,-1,192,215,216,-1,192,216,191,-1,191,216,217,-1,191,217,195,-1,214,192,218,-1,218,192,219,-1,218,219,220,-1,105,189,190,-1,190,189,221,-1,190,221,222,-1,118,117,120,-1,120,117,190,-1,120,190,192,-1,192,190,222,-1,192,222,219,-1,219,222,223,-1,219,223,187,-1,187,223,224,-1,187,224,186,-1,133,172,134,-1,134,172,171,-1,134,171,135,-1,135,171,137,-1,135,137,136,-1,173,175,127,-1,127,175,225,-1,127,225,128,-1,128,225,226,-1,128,226,129,-1,129,226,227,-1,129,227,130,-1,130,227,228,-1,130,228,132,-1,137,229,138,-1,138,229,230,-1,230,231,138,-1,138,231,232,-1,138,232,233,-1,234,235,170,-1,236,237,137,-1,233,238,138,-1,138,238,239,-1,138,239,170,-1,170,239,240,-1,170,240,234,-1,235,241,170,-1,170,241,242,-1,170,242,171,-1,171,242,243,-1,171,243,244,-1,244,245,171,-1,171,245,246,-1,171,246,247,-1,247,248,171,-1,171,248,249,-1,171,249,137,-1,137,249,250,-1,137,250,236,-1,237,251,137,-1,137,251,252,-1,137,252,229,-1,175,253,225,-1,225,253,254,-1,225,254,226,-1,226,254,255,-1,226,255,227,-1,227,255,256,-1,227,256,228,-1,228,256,257,-1,32,139,179,-1,179,139,170,-1,179,170,258,-1,258,170,172,-1,258,172,259,-1,259,172,133,-1,259,133,132,-1,253,260,254,-1,254,260,261,-1,254,261,255,-1,255,261,262,-1,255,262,256,-1,256,262,263,-1,256,263,257,-1,257,263,264,-1,265,201,219,-1,219,201,207,-1,219,207,220,-1,266,181,267,-1,267,181,180,-1,267,180,268,-1,268,180,179,-1,132,228,259,-1,259,228,257,-1,259,257,258,-1,258,257,264,-1,258,264,179,-1,179,264,269,-1,179,269,268,-1,264,270,271,-1,270,264,272,-1,272,264,263,-1,272,263,273,-1,273,263,185,-1,273,185,271,-1,271,185,181,-1,271,181,264,-1,264,181,266,-1,264,266,269,-1,274,184,275,-1,275,184,185,-1,275,185,276,-1,276,185,263,-1,276,263,277,-1,277,263,262,-1,277,262,274,-1,274,262,184,-1,278,183,279,-1,279,183,184,-1,279,184,280,-1,280,184,262,-1,280,262,281,-1,281,262,261,-1,281,261,278,-1,278,261,183,-1,282,182,283,-1,283,182,183,-1,283,183,284,-1,284,183,261,-1,284,261,285,-1,285,261,260,-1,285,260,282,-1,282,260,182,-1,286,287,260,-1,265,288,289,-1,260,287,182,-1,182,287,290,-1,182,290,291,-1,288,265,292,-1,292,265,188,-1,292,188,293,-1,204,199,175,-1,175,199,201,-1,175,201,253,-1,253,201,265,-1,253,265,260,-1,260,265,289,-1,260,289,286,-1,286,289,293,-1,286,293,291,-1,291,293,188,-1,291,188,182,-1,182,188,84,-1,182,84,83,-1,294,187,295,-1,295,187,188,-1,295,188,296,-1,296,188,265,-1,296,265,297,-1,297,265,219,-1,297,219,294,-1,294,219,187,-1,42,54,40,-1,40,54,51,-1,1,0,114,-1,114,0,112,-1,0,2,112,-1,112,2,298,-1,112,298,111,-1,49,51,54,-1,299,39,37,-1,300,77,301,-1,301,77,302,-1,301,302,46,-1,46,302,44,-1,20,22,303,-1,303,22,304,-1,37,305,299,-1,299,305,302,-1,299,302,79,-1,79,302,77,-1,24,26,300,-1,300,26,306,-1,300,306,77,-1,77,306,303,-1,77,303,75,-1,75,303,304,-1,75,304,307,-1,79,85,299,-1,299,85,97,-1,299,97,298,-1,298,97,95,-1,298,95,93,-1,308,34,33,-1,93,91,298,-1,298,91,89,-1,298,89,111,-1,111,89,100,-1,111,100,102,-1,102,104,111,-1,111,104,106,-1,111,106,109,-1,7,5,309,-1,309,5,310,-1,309,310,54,-1,54,310,308,-1,54,308,49,-1,49,308,33,-1,8,10,311,-1,311,10,312,-1,71,311,54,-1,54,311,312,-1,54,312,309,-1,16,18,307,-1,307,18,313,-1,307,313,75,-1,75,313,314,-1,61,63,58,-1,58,63,55,-1,63,65,55,-1,55,65,67,-1,55,67,54,-1,54,67,68,-1,54,68,71,-1,71,73,311,-1,311,73,75,-1,311,75,315,-1,315,75,314,-1,315,314,14,-1,14,314,12,-1,316,155,28,-1,28,155,29,-1,317,159,318,-1,318,159,151,-1,318,151,319,-1,319,151,150,-1,319,150,320,-1,320,150,149,-1,320,149,321,-1,321,149,145,-1,321,145,322,-1,322,145,144,-1,322,144,316,-1,316,144,155,-1,317,323,159,-1,159,323,160,-1,324,154,325,-1,325,154,153,-1,325,153,326,-1,326,153,152,-1,326,152,327,-1,327,152,147,-1,327,147,328,-1,328,147,146,-1,328,146,329,-1,329,146,158,-1,329,158,323,-1,323,158,160,-1,156,154,330,-1,330,154,324,-1,331,330,324,-1,4,6,332,-1,332,6,331,-1,317,333,323,-1,323,333,332,-1,323,332,329,-1,28,35,316,-1,316,35,333,-1,316,333,322,-1,322,333,317,-1,317,318,322,-1,322,318,319,-1,322,319,321,-1,321,319,320,-1,331,324,332,-1,332,324,325,-1,332,325,326,-1,326,327,332,-1,332,327,328,-1,332,328,329,-1,217,334,335,-1,217,216,334,-1,334,216,215,-1,334,215,336,-1,336,215,214,-1,336,214,337,-1,337,214,218,-1,337,218,338,-1,338,218,220,-1,338,220,339,-1,339,220,207,-1,339,207,340,-1,207,206,340,-1,340,206,205,-1,340,205,341,-1,341,205,200,-1,341,200,342,-1,342,200,199,-1,342,199,343,-1,343,199,204,-1,343,204,344,-1,344,204,203,-1,344,203,345,-1,345,203,202,-1,345,202,346,-1,346,202,174,-1,346,174,347,-1,174,173,347,-1,347,173,210,-1,347,210,348,-1,348,210,209,-1,348,209,349,-1,349,209,208,-1,349,208,350,-1,350,208,213,-1,350,213,351,-1,351,213,212,-1,351,212,352,-1,212,211,352,-1,352,211,177,-1,352,177,353,-1,177,176,353,-1,353,176,196,-1,353,196,354,-1,354,196,197,-1,354,197,355,-1,355,197,198,-1,355,198,356,-1,356,198,193,-1,356,193,357,-1,357,193,194,-1,357,194,335,-1,335,194,195,-1,335,195,217,-1,358,359,360,-1,360,359,361,-1,360,361,362,-1,363,364,360,-1,360,364,365,-1,360,365,358,-1,366,367,360,-1,360,367,368,-1,360,368,363,-1,369,370,360,-1,360,370,371,-1,360,371,366,-1,372,373,360,-1,360,373,374,-1,360,374,369,-1,375,376,360,-1,360,376,377,-1,360,377,372,-1,378,379,360,-1,360,379,380,-1,360,380,375,-1,362,381,360,-1,360,381,382,-1,360,382,378,-1,243,383,244,-1,244,383,384,-1,244,384,245,-1,245,384,385,-1,245,385,246,-1,246,385,386,-1,246,386,247,-1,247,386,387,-1,247,387,248,-1,248,387,388,-1,248,388,249,-1,249,388,389,-1,249,389,250,-1,250,389,390,-1,250,390,236,-1,236,390,391,-1,236,391,237,-1,237,391,392,-1,237,392,251,-1,251,392,393,-1,251,393,252,-1,252,393,394,-1,252,394,229,-1,229,394,395,-1,229,395,230,-1,230,395,396,-1,230,396,231,-1,231,396,397,-1,231,397,232,-1,232,397,398,-1,232,398,233,-1,233,398,399,-1,233,399,238,-1,238,399,400,-1,238,400,239,-1,239,400,401,-1,239,401,240,-1,240,401,402,-1,240,402,234,-1,234,402,403,-1,234,403,235,-1,235,403,404,-1,235,404,241,-1,241,404,405,-1,241,405,242,-1,242,405,406,-1,242,406,243,-1,243,406,383,-1,407,408,409,-1,409,408,410,-1,409,410,411,-1,412,413,409,-1,409,413,414,-1,409,414,407,-1,415,416,409,-1,409,416,417,-1,409,417,412,-1,418,419,409,-1,409,419,420,-1,409,420,415,-1,421,422,409,-1,409,422,423,-1,409,423,418,-1,424,425,409,-1,409,425,426,-1,409,426,421,-1,427,428,409,-1,409,428,429,-1,409,429,424,-1,411,430,409,-1,409,430,431,-1,409,431,427,-1,406,422,383,-1,383,422,421,-1,383,421,384,-1,384,421,426,-1,384,426,385,-1,385,426,425,-1,385,425,386,-1,386,425,424,-1,386,424,387,-1,387,424,429,-1,387,429,388,-1,388,429,428,-1,388,428,389,-1,389,428,427,-1,389,427,390,-1,390,427,431,-1,390,431,391,-1,391,431,430,-1,391,430,392,-1,392,430,411,-1,392,411,393,-1,393,411,410,-1,393,410,394,-1,394,410,408,-1,394,408,395,-1,395,408,407,-1,395,407,396,-1,396,407,414,-1,396,414,397,-1,397,414,413,-1,397,413,398,-1,398,413,412,-1,398,412,399,-1,399,412,417,-1,399,417,400,-1,400,417,416,-1,400,416,401,-1,401,416,415,-1,401,415,402,-1,402,415,420,-1,402,420,403,-1,403,420,419,-1,403,419,404,-1,404,419,418,-1,404,418,405,-1,405,418,423,-1,405,423,406,-1,406,423,422,-1,355,373,354,-1,354,373,372,-1,354,372,353,-1,353,372,377,-1,353,377,352,-1,352,377,376,-1,352,376,351,-1,351,376,375,-1,351,375,350,-1,350,375,380,-1,350,380,349,-1,349,380,379,-1,349,379,348,-1,348,379,378,-1,348,378,347,-1,347,378,382,-1,347,382,346,-1,346,382,381,-1,346,381,345,-1,345,381,362,-1,345,362,344,-1,344,362,361,-1,344,361,343,-1,343,361,359,-1,343,359,342,-1,342,359,358,-1,342,358,341,-1,341,358,365,-1,341,365,340,-1,340,365,364,-1,340,364,339,-1,339,364,363,-1,339,363,338,-1,338,363,368,-1,338,368,337,-1,337,368,367,-1,337,367,336,-1,336,367,366,-1,336,366,334,-1,334,366,371,-1,334,371,335,-1,335,371,370,-1,335,370,357,-1,357,370,369,-1,357,369,356,-1,356,369,374,-1,356,374,355,-1,355,374,373,-1,267,308,266,-1,266,308,310,-1,266,310,5,-1,4,332,5,-1,5,332,269,-1,5,269,266,-1,308,267,34,-1,34,267,268,-1,34,268,35,-1,35,268,333,-1,432,333,433,-1,433,333,268,-1,433,268,434,-1,434,268,269,-1,434,269,435,-1,435,269,332,-1,435,332,432,-1,432,332,333,-1,271,309,273,-1,273,309,312,-1,273,312,10,-1,11,157,10,-1,10,157,272,-1,10,272,273,-1,157,156,436,-1,436,156,330,-1,436,330,437,-1,437,330,331,-1,437,331,438,-1,438,331,270,-1,438,270,439,-1,439,270,272,-1,439,272,436,-1,436,272,157,-1,309,271,7,-1,7,271,270,-1,7,270,6,-1,6,270,331,-1,296,440,441,-1,440,296,442,-1,442,296,297,-1,442,297,443,-1,443,297,140,-1,443,140,441,-1,441,140,148,-1,441,148,296,-1,294,305,37,-1,36,140,37,-1,37,140,297,-1,37,297,294,-1,302,295,44,-1,44,295,296,-1,44,296,45,-1,45,296,148,-1,295,302,294,-1,294,302,305,-1,289,444,445,-1,444,289,446,-1,446,289,288,-1,446,288,447,-1,447,288,143,-1,447,143,445,-1,445,143,169,-1,445,169,289,-1,300,293,24,-1,24,293,289,-1,24,289,25,-1,25,289,169,-1,293,300,292,-1,292,300,301,-1,292,301,46,-1,47,143,46,-1,46,143,288,-1,46,288,292,-1,287,448,449,-1,448,287,450,-1,450,287,286,-1,450,286,451,-1,451,286,168,-1,451,168,449,-1,449,168,167,-1,449,167,287,-1,303,290,20,-1,20,290,287,-1,20,287,21,-1,21,287,167,-1,290,303,291,-1,291,303,306,-1,291,306,26,-1,27,168,26,-1,26,168,286,-1,26,286,291,-1,284,452,453,-1,452,284,454,-1,454,284,285,-1,454,285,455,-1,455,285,166,-1,455,166,453,-1,453,166,165,-1,453,165,284,-1,307,283,16,-1,16,283,284,-1,16,284,17,-1,17,284,165,-1,283,307,282,-1,282,307,304,-1,282,304,22,-1,23,166,22,-1,22,166,285,-1,22,285,282,-1,280,456,457,-1,456,280,458,-1,458,280,281,-1,458,281,459,-1,459,281,164,-1,459,164,457,-1,457,164,163,-1,457,163,280,-1,314,279,12,-1,12,279,280,-1,12,280,13,-1,13,280,163,-1,279,314,278,-1,278,314,313,-1,278,313,18,-1,19,164,18,-1,18,164,281,-1,18,281,278,-1,276,460,461,-1,460,276,462,-1,462,276,277,-1,462,277,463,-1,463,277,162,-1,463,162,461,-1,461,162,161,-1,461,161,276,-1,311,275,8,-1,8,275,276,-1,8,276,9,-1,9,276,161,-1,275,311,274,-1,274,311,315,-1,274,315,14,-1,15,162,14,-1,14,162,277,-1,14,277,274,-1,222,141,223,-1,223,141,142,-1,2,3,141,-1,189,298,221,-1,221,298,2,-1,221,2,222,-1,222,2,141,-1,142,38,223,-1,223,38,39,-1,223,39,224,-1,224,39,299,-1,224,299,186,-1,186,299,189,-1,189,299,298,-1,
        ]
    }
}
Shape{
    appearance Appearance {
        material  Material 	{
            diffuseColor 1.0 1.0 1.0
            specularColor 0.5019607843137255 0.5019607843137255 0.5019607843137255
            ambientIntensity 1.0
            transparency 0.0
            shininess 0.5
        }
    }
    geometry IndexedFaceSet {
        ccw TRUE
        solid FALSE
        coord DEF co Coordinate {
            point [
                2.8642 -0.1333 0.2085, 2.8642 0.2109 0.3337, 2.5492 -0.1333 0.2085, 2.5492 0.2109 0.3337, 2.8642 -0.1063 0.1345, 2.5492 -0.1063 0.1345, 2.8642 0.2378 0.2597, 2.5492 0.2378 0.2597, 2.8642 0.288 0.2709, 2.5492 0.288 0.2709, 2.8642 0.3393 0.2686, 2.5492 0.3393 0.2686, 2.8642 1.1759 0.1211, 2.5492 1.1759 0.1211, 2.5492 1.2101 0.1181, 2.8642 1.2101 0.1181, 2.8642 1.311 0.1181, 2.5492 1.311 0.1181, 2.8642 1.2101 0.1969, 2.8642 1.311 0.1969, 2.5492 1.2101 0.1969, 2.5492 1.311 0.1969, 2.8642 1.1896 0.1986, 2.5492 1.1896 0.1986, 2.8642 0.353 0.3462, 2.5492 0.353 0.3462, 2.5492 0.3051 0.3503, 2.8642 0.3051 0.3503, 2.5492 0.2573 0.3462, 2.8642 0.2573 0.3462, 1.8799 -0.1333 0.2085, 1.8799 0.2109 0.3337, 1.565 -0.1333 0.2085, 1.565 0.2109 0.3337, 1.8799 -0.1063 0.1345, 1.565 -0.1063 0.1345, 1.8799 0.2378 0.2597, 1.565 0.2378 0.2597, 1.8799 0.288 0.2709, 1.565 0.288 0.2709, 1.8799 0.3393 0.2686, 1.565 0.3393 0.2686, 1.8799 1.1759 0.1211, 1.565 1.1759 0.1211, 1.565 1.2101 0.1181, 1.8799 1.2101 0.1181, 1.8799 1.311 0.1181, 1.565 1.311 0.1181, 1.8799 1.2101 0.1969, 1.8799 1.311 0.1969, 1.565 1.2101 0.1969, 1.565 1.311 0.1969, 1.8799 1.1896 0.1986, 1.565 1.1896 0.1986, 1.8799 0.353 0.3462, 1.565 0.353 0.3462, 1.565 0.2811 0.3493, 1.8799 0.2811 0.3493, 0.8957 -0.1333 0.2085, 0.8957 0.2109 0.3337, 0.5807 -0.1333 0.2085, 0.5807 0.2109 0.3337, 0.8957 -0.1063 0.1345, 0.5807 -0.1063 0.1345, 0.8957 0.2378 0.2597, 0.5807 0.2378 0.2597, 0.8957 0.288 0.2709, 0.5807 0.288 0.2709, 0.8957 0.3393 0.2686, 0.5807 0.3393 0.2686, 0.8957 1.1759 0.1211, 0.5807 1.1759 0.1211, 0.5807 1.2101 0.1181, 0.8957 1.2101 0.1181, 0.8957 1.311 0.1181, 0.5807 1.311 0.1181, 0.8957 1.2101 0.1969, 0.8957 1.311 0.1969, 0.5807 1.2101 0.1969, 0.5807 1.311 0.1969, 0.8957 1.1896 0.1986, 0.5807 1.1896 0.1986, 0.8957 0.353 0.3462, 0.5807 0.353 0.3462, 0.5807 0.2811 0.3493, 0.8957 0.2811 0.3493, -0.0886 -0.1333 0.2085, -0.0886 0.2109 0.3337, -0.4035 -0.1333 0.2085, -0.4035 0.2109 0.3337, -0.0886 -0.1063 0.1345, -0.4035 -0.1063 0.1345, -0.0886 0.2378 0.2597, -0.4035 0.2378 0.2597, -0.0886 0.288 0.2709, -0.4035 0.288 0.2709, -0.0886 0.3393 0.2686, -0.4035 0.3393 0.2686, -0.0886 1.1759 0.1211, -0.4035 1.1759 0.1211, -0.4035 1.2101 0.1181, -0.0886 1.2101 0.1181, -0.0886 1.311 0.1181, -0.4035 1.311 0.1181, -0.0886 1.2101 0.1969, -0.0886 1.311 0.1969, -0.4035 1.2101 0.1969, -0.4035 1.311 0.1969, -0.0886 1.1896 0.1986, -0.4035 1.1896 0.1986, -0.0886 0.353 0.3462, -0.4035 0.353 0.3462, -0.4035 0.3051 0.3503, -0.0886 0.3051 0.3503, -0.4035 0.2573 0.3462, -0.0886 0.2573 0.3462, -1.0728 -0.1333 0.2085, -1.0728 0.2109 0.3337, -1.3878 -0.1333 0.2085, -1.3878 0.2109 0.3337, -1.0728 -0.1063 0.1345, -1.3878 -0.1063 0.1345, -1.0728 0.2378 0.2597, -1.3878 0.2378 0.2597, -1.0728 0.288 0.2709, -1.3878 0.288 0.2709, -1.0728 0.3393 0.2686, -1.3878 0.3393 0.2686, -1.0728 1.1759 0.1211, -1.3878 1.1759 0.1211, -1.3878 1.2101 0.1181, -1.0728 1.2101 0.1181, -1.0728 1.311 0.1181, -1.3878 1.311 0.1181, -1.0728 1.2101 0.1969, -1.0728 1.311 0.1969, -1.3878 1.2101 0.1969, -1.3878 1.311 0.1969, -1.0728 1.1896 0.1986, -1.3878 1.1896 0.1986, -1.0728 0.353 0.3462, -1.3878 0.353 0.3462, -1.3878 0.3051 0.3503, -1.0728 0.3051 0.3503, -1.3878 0.2573 0.3462, -1.0728 0.2573 0.3462, -2.0571 -0.1333 0.2085, -2.0571 0.2109 0.3337, -2.372 -0.1333 0.2085, -2.372 0.2109 0.3337, -2.0571 -0.1063 0.1345, -2.372 -0.1063 0.1345, -2.0571 0.2378 0.2597, -2.372 0.2378 0.2597, -2.0571 0.288 0.2709, -2.372 0.288 0.2709, -2.0571 0.3393 0.2686, -2.372 0.3393 0.2686, -2.0571 1.1759 0.1211, -2.372 1.1759 0.1211, -2.372 1.2101 0.1181, -2.0571 1.2101 0.1181, -2.0571 1.311 0.1181, -2.372 1.311 0.1181, -2.0571 1.2101 0.1969, -2.0571 1.311 0.1969, -2.372 1.2101 0.1969, -2.372 1.311 0.1969, -2.0571 1.1896 0.1986, -2.372 1.1896 0.1986, -2.0571 0.353 0.3462, -2.372 0.353 0.3462, -2.372 0.2811 0.3493, -2.0571 0.2811 0.3493, -3.0413 -0.1333 0.2085, -3.0413 0.2109 0.3337, -3.3563 -0.1333 0.2085, -3.3563 0.2109 0.3337, -3.0413 -0.1063 0.1345, -3.3563 -0.1063 0.1345, -3.0413 0.2378 0.2597, -3.3563 0.2378 0.2597, -3.0413 0.288 0.2709, -3.3563 0.288 0.2709, -3.0413 0.3393 0.2686, -3.3563 0.3393 0.2686, -3.0413 1.1759 0.1211, -3.3563 1.1759 0.1211, -3.3563 1.2101 0.1181, -3.0413 1.2101 0.1181, -3.0413 1.311 0.1181, -3.3563 1.311 0.1181, -3.0413 1.2101 0.1969, -3.0413 1.311 0.1969, -3.3563 1.2101 0.1969, -3.3563 1.311 0.1969, -3.0413 1.1896 0.1986, -3.3563 1.1896 0.1986, -3.0413 0.353 0.3462, -3.3563 0.353 0.3462, -3.3563 0.3051 0.3503, -3.0413 0.3051 0.3503, -3.3563 0.2573 0.3462, -3.0413 0.2573 0.3462, -3.6811 -0.1063 0.1345, -3.6811 -0.1333 0.2085, -3.9961 -0.1063 0.1345, -3.9961 -0.1333 0.2085, -3.6811 0.2378 0.2597, -3.9961 0.2378 0.2597, -3.6811 0.288 0.2709, -3.9961 0.288 0.2709, -3.6811 0.3393 0.2686, -3.9961 0.3393 0.2686, -3.6811 1.1759 0.1211, -3.9961 1.1759 0.1211, -3.9961 1.2101 0.1181, -3.6811 1.2101 0.1181, -3.6811 1.311 0.1181, -3.9961 1.311 0.1181, -3.6811 1.2101 0.1969, -3.6811 1.311 0.1969, -3.9961 1.2101 0.1969, -3.9961 1.311 0.1969, -3.6811 1.1896 0.1986, -3.9961 1.1896 0.1986, -3.6811 0.353 0.3462, -3.9961 0.353 0.3462, -3.9961 0.2811 0.3493, -3.6811 0.2811 0.3493, -3.9961 0.2109 0.3337, -3.6811 0.2109 0.3337
            ]
        }
        coordIndex [
            0,1,2,-1,2,1,3,-1,4,0,5,-1,5,0,2,-1,6,4,7,-1,7,4,5,-1,6,7,8,-1,8,7,9,-1,8,9,10,-1,10,9,11,-1,12,10,13,-1,13,10,11,-1,13,14,12,-1,12,14,15,-1,16,15,17,-1,17,15,14,-1,18,19,20,-1,20,19,21,-1,18,20,22,-1,22,20,23,-1,24,22,25,-1,25,22,23,-1,24,25,26,-1,24,26,27,-1,27,26,28,-1,27,28,29,-1,29,28,3,-1,29,3,1,-1,0,4,1,-1,1,4,6,-1,1,6,29,-1,29,6,8,-1,29,8,27,-1,27,8,10,-1,16,19,15,-1,15,19,18,-1,15,18,12,-1,12,18,22,-1,12,22,10,-1,10,22,24,-1,10,24,27,-1,7,5,2,-1,21,17,20,-1,20,17,14,-1,20,14,23,-1,23,14,13,-1,23,13,25,-1,25,13,11,-1,25,11,26,-1,26,11,9,-1,26,9,28,-1,28,9,7,-1,28,7,3,-1,3,7,2,-1,30,31,32,-1,32,31,33,-1,34,30,35,-1,35,30,32,-1,36,34,37,-1,37,34,35,-1,36,37,38,-1,38,37,39,-1,38,39,40,-1,40,39,41,-1,42,40,43,-1,43,40,41,-1,43,44,42,-1,42,44,45,-1,46,45,47,-1,47,45,44,-1,48,49,50,-1,50,49,51,-1,48,50,52,-1,52,50,53,-1,54,52,55,-1,55,52,53,-1,54,55,56,-1,54,56,57,-1,57,56,33,-1,57,33,31,-1,30,34,31,-1,31,34,36,-1,31,36,57,-1,57,36,38,-1,57,38,54,-1,54,38,40,-1,54,40,52,-1,52,40,42,-1,52,42,48,-1,48,42,45,-1,48,45,49,-1,49,45,46,-1,51,47,50,-1,50,47,44,-1,50,44,53,-1,53,44,43,-1,53,43,55,-1,55,43,41,-1,55,41,56,-1,56,41,39,-1,56,39,33,-1,33,39,37,-1,33,37,32,-1,32,37,35,-1,58,59,60,-1,60,59,61,-1,62,58,63,-1,63,58,60,-1,64,62,65,-1,65,62,63,-1,64,65,66,-1,66,65,67,-1,66,67,68,-1,68,67,69,-1,70,68,71,-1,71,68,69,-1,71,72,70,-1,70,72,73,-1,74,73,75,-1,75,73,72,-1,76,77,78,-1,78,77,79,-1,76,78,80,-1,80,78,81,-1,82,80,83,-1,83,80,81,-1,82,83,84,-1,82,84,85,-1,85,84,61,-1,85,61,59,-1,58,62,59,-1,59,62,64,-1,59,64,85,-1,85,64,66,-1,85,66,82,-1,82,66,68,-1,82,68,80,-1,80,68,70,-1,80,70,76,-1,76,70,73,-1,76,73,77,-1,77,73,74,-1,79,75,78,-1,78,75,72,-1,78,72,81,-1,81,72,71,-1,81,71,83,-1,83,71,69,-1,83,69,84,-1,84,69,67,-1,84,67,61,-1,61,67,65,-1,61,65,60,-1,60,65,63,-1,86,87,88,-1,88,87,89,-1,90,86,91,-1,91,86,88,-1,92,90,93,-1,93,90,91,-1,92,93,94,-1,94,93,95,-1,94,95,96,-1,96,95,97,-1,98,96,99,-1,99,96,97,-1,99,100,98,-1,98,100,101,-1,102,101,103,-1,103,101,100,-1,104,105,106,-1,106,105,107,-1,104,106,108,-1,108,106,109,-1,110,108,111,-1,111,108,109,-1,110,111,112,-1,110,112,113,-1,113,112,114,-1,113,114,115,-1,115,114,89,-1,115,89,87,-1,86,90,87,-1,87,90,92,-1,87,92,115,-1,115,92,94,-1,115,94,113,-1,113,94,96,-1,102,105,101,-1,101,105,104,-1,101,104,98,-1,98,104,108,-1,98,108,96,-1,96,108,110,-1,96,110,113,-1,93,91,88,-1,107,103,106,-1,106,103,100,-1,106,100,109,-1,109,100,99,-1,109,99,111,-1,111,99,97,-1,111,97,112,-1,112,97,95,-1,112,95,114,-1,114,95,93,-1,114,93,89,-1,89,93,88,-1,116,117,118,-1,118,117,119,-1,120,116,121,-1,121,116,118,-1,122,120,123,-1,123,120,121,-1,122,123,124,-1,124,123,125,-1,124,125,126,-1,126,125,127,-1,128,126,129,-1,129,126,127,-1,129,130,128,-1,128,130,131,-1,132,131,133,-1,133,131,130,-1,134,135,136,-1,136,135,137,-1,134,136,138,-1,138,136,139,-1,140,138,141,-1,141,138,139,-1,140,141,142,-1,140,142,143,-1,143,142,144,-1,143,144,145,-1,145,144,119,-1,145,119,117,-1,116,120,117,-1,117,120,122,-1,117,122,145,-1,145,122,124,-1,145,124,143,-1,143,124,126,-1,132,135,131,-1,131,135,134,-1,131,134,128,-1,128,134,138,-1,128,138,126,-1,126,138,140,-1,126,140,143,-1,123,121,118,-1,137,133,136,-1,136,133,130,-1,136,130,139,-1,139,130,129,-1,139,129,141,-1,141,129,127,-1,141,127,142,-1,142,127,125,-1,142,125,144,-1,144,125,123,-1,144,123,119,-1,119,123,118,-1,146,147,148,-1,148,147,149,-1,150,146,151,-1,151,146,148,-1,152,150,153,-1,153,150,151,-1,152,153,154,-1,154,153,155,-1,154,155,156,-1,156,155,157,-1,158,156,159,-1,159,156,157,-1,159,160,158,-1,158,160,161,-1,162,161,163,-1,163,161,160,-1,164,165,166,-1,166,165,167,-1,164,166,168,-1,168,166,169,-1,170,168,171,-1,171,168,169,-1,170,171,172,-1,170,172,173,-1,173,172,149,-1,173,149,147,-1,146,150,147,-1,147,150,152,-1,147,152,173,-1,173,152,154,-1,173,154,170,-1,170,154,156,-1,170,156,168,-1,168,156,158,-1,168,158,164,-1,164,158,161,-1,164,161,165,-1,165,161,162,-1,167,163,166,-1,166,163,160,-1,166,160,169,-1,169,160,159,-1,169,159,171,-1,171,159,157,-1,171,157,172,-1,172,157,155,-1,172,155,149,-1,149,155,153,-1,149,153,148,-1,148,153,151,-1,174,175,176,-1,176,175,177,-1,178,174,179,-1,179,174,176,-1,180,178,181,-1,181,178,179,-1,180,181,182,-1,182,181,183,-1,182,183,184,-1,184,183,185,-1,186,184,187,-1,187,184,185,-1,187,188,186,-1,186,188,189,-1,190,189,191,-1,191,189,188,-1,192,193,194,-1,194,193,195,-1,192,194,196,-1,196,194,197,-1,198,196,199,-1,199,196,197,-1,198,199,200,-1,198,200,201,-1,201,200,202,-1,201,202,203,-1,203,202,177,-1,203,177,175,-1,174,178,175,-1,175,178,180,-1,175,180,203,-1,203,180,182,-1,203,182,201,-1,201,182,184,-1,190,193,189,-1,189,193,192,-1,189,192,186,-1,186,192,196,-1,186,196,184,-1,184,196,198,-1,184,198,201,-1,181,179,176,-1,195,191,194,-1,194,191,188,-1,194,188,197,-1,197,188,187,-1,197,187,199,-1,199,187,185,-1,199,185,200,-1,200,185,183,-1,200,183,202,-1,202,183,181,-1,202,181,177,-1,177,181,176,-1,204,205,206,-1,206,205,207,-1,208,204,209,-1,209,204,206,-1,208,209,210,-1,210,209,211,-1,210,211,212,-1,212,211,213,-1,214,212,215,-1,215,212,213,-1,215,216,214,-1,214,216,217,-1,218,217,219,-1,219,217,216,-1,220,221,222,-1,222,221,223,-1,220,222,224,-1,224,222,225,-1,226,224,227,-1,227,224,225,-1,226,227,228,-1,226,228,229,-1,229,228,230,-1,229,230,231,-1,205,231,207,-1,207,231,230,-1,205,204,231,-1,231,204,208,-1,231,208,229,-1,229,208,210,-1,229,210,226,-1,226,210,212,-1,226,212,224,-1,224,212,214,-1,224,214,220,-1,220,214,217,-1,220,217,221,-1,221,217,218,-1,223,219,222,-1,222,219,216,-1,222,216,225,-1,225,216,215,-1,225,215,227,-1,227,215,213,-1,227,213,228,-1,228,213,211,-1,228,211,230,-1,230,211,209,-1,230,209,207,-1,207,209,206,-1,
        ]
    }
}
Shape{
    appearance Appearance {
        material  Material 	{
            diffuseColor 1.0 1.0 0.0
            specularColor 0.5019607843137255 0.5019607843137255 0.0
            ambientIntensity 0.886
            transparency 0.0
            shininess 0.5
        }
    }
    geometry IndexedFaceSet {
        ccw TRUE
        solid FALSE
        coord DEF co Coordinate {
            point [
                -2.1063 3.3582 -0.0039, -2.1063 3.0612 -0.0039, -2.3228 3.3582 -0.0039, -2.3228 3.0612 -0.0039, -2.1063 3.3582 0.0748, -2.3228 3.3582 0.0748, -2.1063 3.0612 0.0748, -2.3228 3.0612 0.0748, -2.1063 3.0571 0.0877, -2.3228 3.0571 0.0877, -2.3228 3.0498 0.1062, -2.1063 3.0498 0.1062, -2.3228 3.0403 0.1235, -2.1063 3.0403 0.1235, -2.3228 3.0287 0.1396, -2.1063 3.0287 0.1396, -2.3228 3.0152 0.154, -2.1063 3.0152 0.154, -2.3228 2.9999 0.1667, -2.1063 2.9999 0.1667, -2.3228 2.9832 0.1773, -2.1063 2.9832 0.1773, -2.3228 2.9653 0.1858, -2.1063 2.9653 0.1858, -2.3228 2.9464 0.1919, -2.1063 2.9464 0.1919, -2.3228 2.927 0.1956, -2.1063 2.927 0.1956, -2.3228 2.9072 0.1969, -2.1063 2.9072 0.1969, -2.1063 2.8858 0.1969, -2.3228 2.8858 0.1969, -2.1063 2.8858 0.1181, -2.3228 2.8858 0.1181, -2.1063 2.9072 0.1181, -2.3228 2.9072 0.1181, -2.1063 2.9213 0.1168, -2.3228 2.9213 0.1168, -2.1063 2.9349 0.1131, -2.3228 2.9349 0.1131, -2.1063 2.9477 0.1069, -2.3228 2.9477 0.1069, -2.1063 2.9591 0.0986, -2.3228 2.9591 0.0986, -2.1063 2.9688 0.0884, -2.3228 2.9688 0.0884, -2.1063 2.9766 0.0766, -2.3228 2.9766 0.0766, -2.1063 2.9821 0.0635, -2.3228 2.9821 0.0635, -2.1063 2.9863 0.0506, -2.3228 2.9863 0.0506, -2.3228 2.9918 0.0376, -2.1063 2.9918 0.0376, -2.3228 2.9996 0.0258, -2.1063 2.9996 0.0258, -2.3228 3.0094 0.0156, -2.1063 3.0094 0.0156, -2.3228 3.0208 0.0072, -2.1063 3.0208 0.0072, -2.3228 3.0335 0.0011, -2.1063 3.0335 0.0011, -2.3228 3.0472 -0.0027, -2.1063 3.0472 -0.0027, -4.2717 2.8858 0.0, -4.2717 3.3582 0.0, -4.2717 2.8858 0.1181, -4.2717 3.3582 0.1181, -4.4291 3.3582 0.9055, -4.4291 3.3582 0.0, -4.4291 2.8858 0.9055, -4.4291 2.8858 0.0, -4.3504 3.3582 0.9055, -4.3504 2.8858 0.9055, -4.3504 3.3582 0.1181, -4.3504 2.8858 0.1181
            ]
        }
        coordIndex [
            0,1,2,-1,2,1,3,-1,4,0,5,-1,5,0,2,-1,6,4,7,-1,7,4,5,-1,8,6,9,-1,9,6,7,-1,8,9,10,-1,8,10,11,-1,11,10,12,-1,11,12,13,-1,13,12,14,-1,13,14,15,-1,15,14,16,-1,15,16,17,-1,17,16,18,-1,17,18,19,-1,19,18,20,-1,19,20,21,-1,21,20,22,-1,21,22,23,-1,23,22,24,-1,23,24,25,-1,25,24,26,-1,25,26,27,-1,27,26,28,-1,27,28,29,-1,30,29,31,-1,31,29,28,-1,32,30,33,-1,33,30,31,-1,34,32,35,-1,35,32,33,-1,34,35,36,-1,36,35,37,-1,36,37,38,-1,38,37,39,-1,38,39,40,-1,40,39,41,-1,40,41,42,-1,42,41,43,-1,42,43,44,-1,44,43,45,-1,44,45,46,-1,46,45,47,-1,46,47,48,-1,48,47,49,-1,50,48,51,-1,51,48,49,-1,50,51,52,-1,50,52,53,-1,53,52,54,-1,53,54,55,-1,55,54,56,-1,55,56,57,-1,57,56,58,-1,57,58,59,-1,59,58,60,-1,59,60,61,-1,61,60,62,-1,61,62,63,-1,63,62,3,-1,63,3,1,-1,42,44,15,-1,0,4,1,-1,1,4,6,-1,1,6,63,-1,63,6,61,-1,15,44,13,-1,13,44,46,-1,13,46,11,-1,11,46,8,-1,8,46,48,-1,8,48,6,-1,38,25,36,-1,36,25,27,-1,36,27,34,-1,34,27,29,-1,34,29,32,-1,32,29,30,-1,15,17,42,-1,42,17,19,-1,42,19,40,-1,40,19,21,-1,40,21,38,-1,38,21,23,-1,38,23,25,-1,48,50,6,-1,6,50,53,-1,6,53,55,-1,55,57,6,-1,6,57,59,-1,6,59,61,-1,5,2,7,-1,7,2,3,-1,3,62,7,-1,7,62,60,-1,7,60,58,-1,45,12,47,-1,47,12,10,-1,47,10,49,-1,49,10,9,-1,49,9,51,-1,51,9,7,-1,51,7,52,-1,37,24,39,-1,39,24,22,-1,39,22,41,-1,33,31,35,-1,35,31,28,-1,35,28,37,-1,37,28,26,-1,37,26,24,-1,22,20,41,-1,41,20,18,-1,41,18,43,-1,43,18,16,-1,43,16,45,-1,45,16,14,-1,45,14,12,-1,58,56,7,-1,7,56,54,-1,7,54,52,-1,64,65,66,-1,66,65,67,-1,68,69,70,-1,70,69,71,-1,72,68,73,-1,73,68,70,-1,69,65,71,-1,71,65,64,-1,67,65,74,-1,74,65,69,-1,74,69,72,-1,72,69,68,-1,73,70,75,-1,75,70,71,-1,75,71,66,-1,66,71,64,-1,75,74,73,-1,73,74,72,-1,66,67,75,-1,75,67,74,-1,
        ]
    }
}
Shape{
    appearance Appearance {
        material  Material 	{
            diffuseColor 1.0 1.0 1.0
            specularColor 0.5019607843137255 0.5019607843137255 0.5019607843137255
            ambientIntensity 1.0
            transparency 0.0
            shininess 0.5
        }
    }
    geometry IndexedFaceSet {
        ccw TRUE
        solid FALSE
        coord DEF co Coordinate {
            point [
                -3.5567 1.2728 0.7291, -3.5567 1.3267 0.7291, -3.5567 1.2728 0.9575, -3.5567 1.3267 0.9575, -3.6354 1.3267 0.9575, -3.6354 1.3267 0.7291, -3.6354 1.2728 0.9575, -3.6354 1.2728 0.7291, -3.6394 1.2728 0.6465, -3.6394 1.3267 0.6465, -3.618 1.3267 0.6493, -3.618 1.2728 0.6493, -3.598 1.3267 0.6575, -3.598 1.2728 0.6575, -3.5809 1.3267 0.6707, -3.5809 1.2728 0.6707, -3.5678 1.3267 0.6878, -3.5678 1.2728 0.6878, -3.5595 1.3267 0.7078, -3.5595 1.2728 0.7078, -3.6356 1.2728 0.7281, -3.6356 1.3267 0.7281, -3.636 1.2728 0.7272, -3.636 1.3267 0.7272, -3.6366 1.2728 0.7264, -3.6366 1.3267 0.7264, -3.6374 1.2728 0.7257, -3.6374 1.3267 0.7257, -3.6384 1.2728 0.7253, -3.6384 1.3267 0.7253, -3.6394 1.2728 0.7252, -3.6394 1.3267 0.7252, -3.5588 1.3267 0.9759, -3.5588 1.2728 0.9759, -3.5649 1.3267 0.9934, -3.5649 1.2728 0.9934, -3.5747 1.3267 1.009, -3.5747 1.2728 1.009, -3.5878 1.3267 1.0221, -3.5878 1.2728 1.0221, -3.6035 1.3267 1.032, -3.6035 1.2728 1.032, -3.621 1.3267 1.0381, -3.621 1.2728 1.0381, -3.6394 1.3267 1.0402, -3.6394 1.2728 1.0402, -3.6394 1.2728 0.9614, -3.6394 1.3267 0.9614, -3.6385 1.2728 0.9613, -3.6385 1.3267 0.9613, -3.6377 1.2728 0.961, -3.6377 1.3267 0.961, -3.6369 1.2728 0.9606, -3.6369 1.3267 0.9606, -3.6363 1.2728 0.96, -3.6363 1.3267 0.96, -3.6358 1.2728 0.9592, -3.6358 1.3267 0.9592, -3.6355 1.2728 0.9584, -3.6355 1.3267 0.9584, -3.6354 0.8887 0.7291, -3.5567 0.8887 0.7291, -3.6354 0.8887 0.9575, -3.5567 0.8887 0.9575, -3.5567 0.9902 0.9575, -3.5567 0.9902 0.7291, -3.6354 0.9902 0.7291, -3.6354 0.9902 0.9575, -3.5595 0.8887 0.7078, -3.5567 0.8887 0.7252, -3.5567 0.8887 0.6465, -3.598 0.8887 0.6575, -3.618 0.8887 0.6493, -3.6394 0.8887 0.6465, -3.5809 0.8887 0.6707, -3.5678 0.8887 0.6878, -3.7937 1.2728 0.7252, -3.9504 1.3267 0.7252, -3.7937 0.9902 0.7252, -3.9504 0.8887 0.7252, -3.6394 0.9902 0.7252, -3.6394 0.8887 0.7252, -3.9504 1.3267 0.6465, -3.6394 0.9902 0.6465, -3.7937 0.9902 0.6465, -3.9504 0.8887 0.6465, -3.7937 1.2728 0.6465, -3.9504 -1.4741 1.1358, -3.9504 -1.4877 1.0582, -3.9504 -1.5424 1.1417, -3.9504 -1.5424 1.063, -3.9504 -2.1379 1.063, -3.9504 -2.1379 1.1417, -3.5567 -1.5424 1.1417, -3.5567 -1.5424 1.063, -3.5567 -1.4741 1.1358, -3.5567 -1.4877 1.0582, -3.5567 0.8066 0.6536, -3.5567 0.8203 0.7312, -3.9504 0.8203 0.7312, -3.9504 0.8066 0.6536, -3.5567 -2.1379 1.063, -3.5567 -2.1379 1.1417, -3.6356 0.8887 0.7281, -3.6384 0.8887 0.7253, -3.6374 0.8887 0.7257, -3.636 0.8887 0.7272, -3.6366 0.8887 0.7264, -3.618 0.9902 0.6493, -3.598 0.9902 0.6575, -3.5809 0.9902 0.6707, -3.5678 0.9902 0.6878, -3.5595 0.9902 0.7078, -3.6356 0.9902 0.7281, -3.636 0.9902 0.7272, -3.6366 0.9902 0.7264, -3.6374 0.9902 0.7257, -3.6384 0.9902 0.7253, -3.6355 0.8887 0.9584, -3.5588 0.8887 0.9759, -3.6358 0.8887 0.9592, -3.5649 0.8887 0.9934, -3.6363 0.8887 0.96, -3.5747 0.8887 1.009, -3.6369 0.8887 0.9606, -3.5878 0.8887 1.0221, -3.6377 0.8887 0.961, -3.6035 0.8887 1.032, -3.6385 0.8887 0.9613, -3.621 0.8887 1.0381, -3.6394 0.8887 0.9614, -3.6394 0.8887 1.0402, -3.5588 0.9902 0.9759, -3.5649 0.9902 0.9934, -3.5747 0.9902 1.009, -3.5878 0.9902 1.0221, -3.6035 0.9902 1.032, -3.621 0.9902 1.0381, -3.6394 0.9902 1.0402, -3.6394 0.9902 0.9614, -3.6385 0.9902 0.9613, -3.6377 0.9902 0.961, -3.6369 0.9902 0.9606, -3.6363 0.9902 0.96, -3.6358 0.9902 0.9592, -3.6355 0.9902 0.9584, -3.9504 1.3267 0.9614, -3.9504 1.3267 1.0402, -3.9504 0.8887 1.0402, -3.9504 0.8887 0.9614, -3.7937 1.2728 1.0402, -3.7937 0.9902 1.0402, -3.7937 0.9902 0.9614, -3.7937 1.2728 0.9614
            ]
        }
        coordIndex [
            0,1,2,-1,2,1,3,-1,4,5,6,-1,6,5,7,-1,8,9,10,-1,8,10,11,-1,11,10,12,-1,11,12,13,-1,13,12,14,-1,13,14,15,-1,15,14,16,-1,15,16,17,-1,17,16,18,-1,17,18,19,-1,19,18,1,-1,19,1,0,-1,7,5,20,-1,20,5,21,-1,20,21,22,-1,22,21,23,-1,22,23,24,-1,24,23,25,-1,24,25,26,-1,26,25,27,-1,26,27,28,-1,28,27,29,-1,28,29,30,-1,30,29,31,-1,2,3,32,-1,2,32,33,-1,33,32,34,-1,33,34,35,-1,35,34,36,-1,35,36,37,-1,37,36,38,-1,37,38,39,-1,39,38,40,-1,39,40,41,-1,41,40,42,-1,41,42,43,-1,43,42,44,-1,43,44,45,-1,46,47,48,-1,48,47,49,-1,48,49,50,-1,50,49,51,-1,50,51,52,-1,52,51,53,-1,52,53,54,-1,54,53,55,-1,54,55,56,-1,56,55,57,-1,56,57,58,-1,58,57,59,-1,58,59,6,-1,6,59,4,-1,60,61,62,-1,62,61,63,-1,1,5,3,-1,3,5,4,-1,64,63,65,-1,65,63,61,-1,60,62,66,-1,66,62,67,-1,68,69,70,-1,71,70,72,-1,72,70,73,-1,71,74,70,-1,70,74,75,-1,70,75,68,-1,30,31,76,-1,76,31,77,-1,76,77,78,-1,78,77,79,-1,78,79,80,-1,80,79,81,-1,9,82,31,-1,31,82,77,-1,83,73,84,-1,84,73,85,-1,84,85,86,-1,86,85,82,-1,86,82,8,-1,8,82,9,-1,87,88,89,-1,89,88,90,-1,90,91,89,-1,89,91,92,-1,93,94,95,-1,95,94,96,-1,96,97,95,-1,95,97,98,-1,79,85,99,-1,99,85,100,-1,100,88,99,-1,99,88,87,-1,98,97,69,-1,69,97,70,-1,100,85,97,-1,97,85,73,-1,97,73,70,-1,88,100,96,-1,96,100,97,-1,88,96,90,-1,90,96,94,-1,91,90,101,-1,101,90,94,-1,92,91,102,-1,102,91,101,-1,89,92,93,-1,93,92,102,-1,93,95,89,-1,89,95,87,-1,99,87,98,-1,98,87,95,-1,79,99,81,-1,81,99,98,-1,81,98,69,-1,82,85,77,-1,77,85,79,-1,93,102,94,-1,94,102,101,-1,61,60,69,-1,69,60,103,-1,81,69,104,-1,104,69,105,-1,103,106,69,-1,69,106,107,-1,69,107,105,-1,5,1,21,-1,21,1,18,-1,21,18,23,-1,23,18,16,-1,23,16,25,-1,25,16,14,-1,25,14,27,-1,27,14,12,-1,27,12,29,-1,29,12,10,-1,29,10,31,-1,31,10,9,-1,73,83,108,-1,73,108,72,-1,72,108,109,-1,72,109,71,-1,71,109,110,-1,71,110,74,-1,74,110,111,-1,74,111,75,-1,75,111,112,-1,75,112,68,-1,68,112,69,-1,69,112,65,-1,69,65,61,-1,60,66,103,-1,103,66,113,-1,103,113,106,-1,106,113,114,-1,106,114,107,-1,107,114,115,-1,107,115,105,-1,105,115,116,-1,105,116,104,-1,104,116,117,-1,104,117,81,-1,81,117,80,-1,62,63,118,-1,118,63,119,-1,118,119,120,-1,120,119,121,-1,120,121,122,-1,122,121,123,-1,122,123,124,-1,124,123,125,-1,124,125,126,-1,126,125,127,-1,126,127,128,-1,128,127,129,-1,128,129,130,-1,130,129,131,-1,47,44,49,-1,49,44,42,-1,49,42,51,-1,51,42,40,-1,51,40,53,-1,53,40,38,-1,53,38,55,-1,55,38,36,-1,55,36,57,-1,57,36,34,-1,57,34,59,-1,59,34,32,-1,59,32,4,-1,4,32,3,-1,63,64,132,-1,63,132,119,-1,119,132,133,-1,119,133,121,-1,121,133,134,-1,121,134,123,-1,123,134,135,-1,123,135,125,-1,125,135,136,-1,125,136,127,-1,127,136,137,-1,127,137,129,-1,129,137,138,-1,129,138,131,-1,130,139,128,-1,128,139,140,-1,128,140,126,-1,126,140,141,-1,126,141,124,-1,124,141,142,-1,124,142,122,-1,122,142,143,-1,122,143,120,-1,120,143,144,-1,120,144,118,-1,118,144,145,-1,118,145,62,-1,62,145,67,-1,146,147,47,-1,47,147,44,-1,148,149,131,-1,131,149,130,-1,45,44,150,-1,150,44,147,-1,150,147,151,-1,151,147,148,-1,151,148,138,-1,138,148,131,-1,139,130,152,-1,152,130,149,-1,152,149,153,-1,153,149,146,-1,153,146,46,-1,46,146,47,-1,148,147,149,-1,149,147,146,-1,86,76,84,-1,84,76,78,-1,76,86,30,-1,30,86,8,-1,30,8,28,-1,28,8,11,-1,28,11,26,-1,26,11,13,-1,26,13,24,-1,24,13,15,-1,24,15,22,-1,22,15,17,-1,22,17,20,-1,20,17,19,-1,20,19,7,-1,7,19,0,-1,7,0,6,-1,6,0,2,-1,6,2,58,-1,58,2,33,-1,58,33,56,-1,56,33,35,-1,56,35,54,-1,54,35,37,-1,54,37,52,-1,52,37,39,-1,52,39,50,-1,50,39,41,-1,50,41,48,-1,48,41,43,-1,48,43,46,-1,46,43,45,-1,46,45,153,-1,153,45,150,-1,152,151,139,-1,139,151,138,-1,139,138,140,-1,140,138,137,-1,140,137,141,-1,141,137,136,-1,141,136,142,-1,142,136,135,-1,142,135,143,-1,143,135,134,-1,143,134,144,-1,144,134,133,-1,144,133,145,-1,145,133,132,-1,145,132,67,-1,67,132,64,-1,67,64,66,-1,66,64,65,-1,66,65,113,-1,113,65,112,-1,113,112,114,-1,114,112,111,-1,114,111,115,-1,115,111,110,-1,115,110,116,-1,116,110,109,-1,116,109,117,-1,117,109,108,-1,117,108,80,-1,80,108,83,-1,80,83,78,-1,78,83,84,-1,150,151,153,-1,153,151,152,-1,
        ]
    }
}
Shape{
    appearance Appearance {
        material  Material 	{
            diffuseColor 1.0 1.0 0.0
            specularColor 0.5019607843137255 0.5019607843137255 0.0
            ambientIntensity 0.886
            transparency 0.0
            shininess 0.5
        }
    }
    geometry IndexedFaceSet {
        ccw TRUE
        solid FALSE
        coord DEF co Coordinate {
            point [
                1.8307 3.3582 -0.0039, 1.8307 3.0612 -0.0039, 1.6142 3.3582 -0.0039, 1.6142 3.0612 -0.0039, 1.8307 3.3582 0.0748, 1.6142 3.3582 0.0748, 1.8307 3.0612 0.0748, 1.6142 3.0612 0.0748, 1.8307 3.0571 0.0877, 1.6142 3.0571 0.0877, 1.6142 3.0498 0.1062, 1.8307 3.0498 0.1062, 1.6142 3.0403 0.1235, 1.8307 3.0403 0.1235, 1.6142 3.0287 0.1396, 1.8307 3.0287 0.1396, 1.6142 3.0152 0.154, 1.8307 3.0152 0.154, 1.6142 2.9999 0.1667, 1.8307 2.9999 0.1667, 1.6142 2.9832 0.1773, 1.8307 2.9832 0.1773, 1.6142 2.9653 0.1858, 1.8307 2.9653 0.1858, 1.6142 2.9464 0.1919, 1.8307 2.9464 0.1919, 1.6142 2.927 0.1956, 1.8307 2.927 0.1956, 1.6142 2.9072 0.1969, 1.8307 2.9072 0.1969, 1.8307 2.8858 0.1969, 1.6142 2.8858 0.1969, 1.8307 2.8858 0.1181, 1.6142 2.8858 0.1181, 1.8307 2.9072 0.1181, 1.6142 2.9072 0.1181, 1.8307 2.9213 0.1168, 1.6142 2.9213 0.1168, 1.8307 2.9349 0.1131, 1.6142 2.9349 0.1131, 1.8307 2.9477 0.1069, 1.6142 2.9477 0.1069, 1.8307 2.9591 0.0986, 1.6142 2.9591 0.0986, 1.8307 2.9688 0.0884, 1.6142 2.9688 0.0884, 1.8307 2.9766 0.0766, 1.6142 2.9766 0.0766, 1.8307 2.9821 0.0635, 1.6142 2.9821 0.0635, 1.8307 2.9863 0.0506, 1.6142 2.9863 0.0506, 1.6142 2.9918 0.0376, 1.8307 2.9918 0.0376, 1.6142 2.9996 0.0258, 1.8307 2.9996 0.0258, 1.6142 3.0094 0.0156, 1.8307 3.0094 0.0156, 1.6142 3.0208 0.0072, 1.8307 3.0208 0.0072, 1.6142 3.0335 0.0011, 1.8307 3.0335 0.0011, 1.6142 3.0472 -0.0027, 1.8307 3.0472 -0.0027, -4.7441 2.8858 0.0, -4.7441 3.3582 0.0, -4.7441 2.8858 0.1181, -4.7441 3.3582 0.1181, -4.9016 3.3582 0.9055, -4.9016 3.3582 0.0, -4.9016 2.8858 0.9055, -4.9016 2.8858 0.0, -4.8228 3.3582 0.9055, -4.8228 2.8858 0.9055, -4.8228 3.3582 0.1181, -4.8228 2.8858 0.1181, 3.7992 3.3582 -0.0039, 3.7992 3.0612 -0.0039, 3.5827 3.3582 -0.0039, 3.5827 3.0612 -0.0039, 3.7992 3.3582 0.0748, 3.5827 3.3582 0.0748, 3.7992 3.0612 0.0748, 3.5827 3.0612 0.0748, 3.7992 3.0571 0.0877, 3.5827 3.0571 0.0877, 3.5827 3.0498 0.1062, 3.7992 3.0498 0.1062, 3.5827 3.0403 0.1235, 3.7992 3.0403 0.1235, 3.5827 3.0287 0.1396, 3.7992 3.0287 0.1396, 3.5827 3.0152 0.154, 3.7992 3.0152 0.154, 3.5827 2.9999 0.1667, 3.7992 2.9999 0.1667, 3.5827 2.9832 0.1773, 3.7992 2.9832 0.1773, 3.5827 2.9653 0.1858, 3.7992 2.9653 0.1858, 3.5827 2.9464 0.1919, 3.7992 2.9464 0.1919, 3.5827 2.927 0.1956, 3.7992 2.927 0.1956, 3.5827 2.9072 0.1969, 3.7992 2.9072 0.1969, 3.7992 2.8858 0.1969, 3.5827 2.8858 0.1969, 3.7992 2.8858 0.1181, 3.5827 2.8858 0.1181, 3.7992 2.9072 0.1181, 3.5827 2.9072 0.1181, 3.7992 2.9213 0.1168, 3.5827 2.9213 0.1168, 3.7992 2.9349 0.1131, 3.5827 2.9349 0.1131, 3.7992 2.9477 0.1069, 3.5827 2.9477 0.1069, 3.7992 2.9591 0.0986, 3.5827 2.9591 0.0986, 3.7992 2.9688 0.0884, 3.5827 2.9688 0.0884, 3.7992 2.9766 0.0766, 3.5827 2.9766 0.0766, 3.7992 2.9821 0.0635, 3.5827 2.9821 0.0635, 3.7992 2.9863 0.0506, 3.5827 2.9863 0.0506, 3.5827 2.9918 0.0376, 3.7992 2.9918 0.0376, 3.5827 2.9996 0.0258, 3.7992 2.9996 0.0258, 3.5827 3.0094 0.0156, 3.7992 3.0094 0.0156, 3.5827 3.0208 0.0072, 3.7992 3.0208 0.0072, 3.5827 3.0335 0.0011, 3.7992 3.0335 0.0011, 3.5827 3.0472 -0.0027, 3.7992 3.0472 -0.0027, 0.8465 3.3582 -0.0039, 0.8465 3.0612 -0.0039, 0.6299 3.3582 -0.0039, 0.6299 3.0612 -0.0039, 0.8465 3.3582 0.0748, 0.6299 3.3582 0.0748, 0.8465 3.0612 0.0748, 0.6299 3.0612 0.0748, 0.8465 3.0571 0.0877, 0.6299 3.0571 0.0877, 0.6299 3.0498 0.1062, 0.8465 3.0498 0.1062, 0.6299 3.0403 0.1235, 0.8465 3.0403 0.1235, 0.6299 3.0287 0.1396, 0.8465 3.0287 0.1396, 0.6299 3.0152 0.154, 0.8465 3.0152 0.154, 0.6299 2.9999 0.1667, 0.8465 2.9999 0.1667, 0.6299 2.9832 0.1773, 0.8465 2.9832 0.1773, 0.6299 2.9653 0.1858, 0.8465 2.9653 0.1858, 0.6299 2.9464 0.1919, 0.8465 2.9464 0.1919, 0.6299 2.927 0.1956, 0.8465 2.927 0.1956, 0.6299 2.9072 0.1969, 0.8465 2.9072 0.1969, 0.8465 2.8858 0.1969, 0.6299 2.8858 0.1969, 0.8465 2.8858 0.1181, 0.6299 2.8858 0.1181, 0.8465 2.9072 0.1181, 0.6299 2.9072 0.1181, 0.8465 2.9213 0.1168, 0.6299 2.9213 0.1168, 0.8465 2.9349 0.1131, 0.6299 2.9349 0.1131, 0.8465 2.9477 0.1069, 0.6299 2.9477 0.1069, 0.8465 2.9591 0.0986, 0.6299 2.9591 0.0986, 0.8465 2.9688 0.0884, 0.6299 2.9688 0.0884, 0.8465 2.9766 0.0766, 0.6299 2.9766 0.0766, 0.8465 2.9821 0.0635, 0.6299 2.9821 0.0635, 0.8465 2.9863 0.0506, 0.6299 2.9863 0.0506, 0.6299 2.9918 0.0376, 0.8465 2.9918 0.0376, 0.6299 2.9996 0.0258, 0.8465 2.9996 0.0258, 0.6299 3.0094 0.0156, 0.8465 3.0094 0.0156, 0.6299 3.0208 0.0072, 0.8465 3.0208 0.0072, 0.6299 3.0335 0.0011, 0.8465 3.0335 0.0011, 0.6299 3.0472 -0.0027, 0.8465 3.0472 -0.0027, -3.7303 3.3582 -0.0039, -3.7303 3.0612 -0.0039, -3.9469 3.3582 -0.0039, -3.9469 3.0612 -0.0039, -3.7303 3.3582 0.0748, -3.9469 3.3582 0.0748, -3.7303 3.0612 0.0748, -3.9469 3.0612 0.0748, -3.7303 3.0571 0.0877, -3.9469 3.0571 0.0877, -3.9469 3.0498 0.1062, -3.7303 3.0498 0.1062, -3.9469 3.0403 0.1235, -3.7303 3.0403 0.1235, -3.9469 3.0287 0.1396, -3.7303 3.0287 0.1396, -3.9469 3.0152 0.154, -3.7303 3.0152 0.154, -3.9469 2.9999 0.1667, -3.7303 2.9999 0.1667, -3.9469 2.9832 0.1773, -3.7303 2.9832 0.1773, -3.9469 2.9653 0.1858, -3.7303 2.9653 0.1858, -3.9469 2.9464 0.1919, -3.7303 2.9464 0.1919, -3.9469 2.927 0.1956, -3.7303 2.927 0.1956, -3.9469 2.9072 0.1969, -3.7303 2.9072 0.1969, -3.7303 2.8858 0.1969, -3.9469 2.8858 0.1969, -3.7303 2.8858 0.1181, -3.9469 2.8858 0.1181, -3.7303 2.9072 0.1181, -3.9469 2.9072 0.1181, -3.7303 2.9213 0.1168, -3.9469 2.9213 0.1168, -3.7303 2.9349 0.1131, -3.9469 2.9349 0.1131, -3.7303 2.9477 0.1069, -3.9469 2.9477 0.1069, -3.7303 2.9591 0.0986, -3.9469 2.9591 0.0986, -3.7303 2.9688 0.0884, -3.9469 2.9688 0.0884, -3.7303 2.9766 0.0766, -3.9469 2.9766 0.0766, -3.7303 2.9821 0.0635, -3.9469 2.9821 0.0635, -3.7303 2.9863 0.0506, -3.9469 2.9863 0.0506, -3.9469 2.9918 0.0376, -3.7303 2.9918 0.0376, -3.9469 2.9996 0.0258, -3.7303 2.9996 0.0258, -3.9469 3.0094 0.0156, -3.7303 3.0094 0.0156, -3.9469 3.0208 0.0072, -3.7303 3.0208 0.0072, -3.9469 3.0335 0.0011, -3.7303 3.0335 0.0011, -3.9469 3.0472 -0.0027, -3.7303 3.0472 -0.0027, -0.1378 3.3582 -0.0039, -0.1378 3.0612 -0.0039, -0.3543 3.3582 -0.0039, -0.3543 3.0612 -0.0039, -0.1378 3.3582 0.0748, -0.3543 3.3582 0.0748, -0.1378 3.0612 0.0748, -0.3543 3.0612 0.0748, -0.1378 3.0571 0.0877, -0.3543 3.0571 0.0877, -0.3543 3.0498 0.1062, -0.1378 3.0498 0.1062, -0.3543 3.0403 0.1235, -0.1378 3.0403 0.1235, -0.3543 3.0287 0.1396, -0.1378 3.0287 0.1396, -0.3543 3.0152 0.154, -0.1378 3.0152 0.154, -0.3543 2.9999 0.1667, -0.1378 2.9999 0.1667, -0.3543 2.9832 0.1773, -0.1378 2.9832 0.1773, -0.3543 2.9653 0.1858, -0.1378 2.9653 0.1858, -0.3543 2.9464 0.1919, -0.1378 2.9464 0.1919, -0.3543 2.927 0.1956, -0.1378 2.927 0.1956, -0.3543 2.9072 0.1969, -0.1378 2.9072 0.1969, -0.1378 2.8858 0.1969, -0.3543 2.8858 0.1969, -0.1378 2.8858 0.1181, -0.3543 2.8858 0.1181, -0.1378 2.9072 0.1181, -0.3543 2.9072 0.1181, -0.1378 2.9213 0.1168, -0.3543 2.9213 0.1168, -0.1378 2.9349 0.1131, -0.3543 2.9349 0.1131, -0.1378 2.9477 0.1069, -0.3543 2.9477 0.1069, -0.1378 2.9591 0.0986, -0.3543 2.9591 0.0986, -0.1378 2.9688 0.0884, -0.3543 2.9688 0.0884, -0.1378 2.9766 0.0766, -0.3543 2.9766 0.0766, -0.1378 2.9821 0.0635, -0.3543 2.9821 0.0635, -0.1378 2.9863 0.0506, -0.3543 2.9863 0.0506, -0.3543 2.9918 0.0376, -0.1378 2.9918 0.0376, -0.3543 2.9996 0.0258, -0.1378 2.9996 0.0258, -0.3543 3.0094 0.0156, -0.1378 3.0094 0.0156, -0.3543 3.0208 0.0072, -0.1378 3.0208 0.0072, -0.3543 3.0335 0.0011, -0.1378 3.0335 0.0011, -0.3543 3.0472 -0.0027, -0.1378 3.0472 -0.0027
            ]
        }
        coordIndex [
            0,1,2,-1,2,1,3,-1,4,0,5,-1,5,0,2,-1,6,4,7,-1,7,4,5,-1,8,6,9,-1,9,6,7,-1,8,9,10,-1,8,10,11,-1,11,10,12,-1,11,12,13,-1,13,12,14,-1,13,14,15,-1,15,14,16,-1,15,16,17,-1,17,16,18,-1,17,18,19,-1,19,18,20,-1,19,20,21,-1,21,20,22,-1,21,22,23,-1,23,22,24,-1,23,24,25,-1,25,24,26,-1,25,26,27,-1,27,26,28,-1,27,28,29,-1,30,29,31,-1,31,29,28,-1,32,30,33,-1,33,30,31,-1,34,32,35,-1,35,32,33,-1,34,35,36,-1,36,35,37,-1,36,37,38,-1,38,37,39,-1,38,39,40,-1,40,39,41,-1,40,41,42,-1,42,41,43,-1,42,43,44,-1,44,43,45,-1,44,45,46,-1,46,45,47,-1,46,47,48,-1,48,47,49,-1,50,48,51,-1,51,48,49,-1,50,51,52,-1,50,52,53,-1,53,52,54,-1,53,54,55,-1,55,54,56,-1,55,56,57,-1,57,56,58,-1,57,58,59,-1,59,58,60,-1,59,60,61,-1,61,60,62,-1,61,62,63,-1,63,62,3,-1,63,3,1,-1,42,44,15,-1,0,4,1,-1,1,4,6,-1,1,6,63,-1,63,6,61,-1,15,44,13,-1,13,44,46,-1,13,46,11,-1,11,46,8,-1,8,46,48,-1,8,48,6,-1,38,25,36,-1,36,25,27,-1,36,27,34,-1,34,27,29,-1,34,29,32,-1,32,29,30,-1,15,17,42,-1,42,17,19,-1,42,19,40,-1,40,19,21,-1,40,21,38,-1,38,21,23,-1,38,23,25,-1,48,50,6,-1,6,50,53,-1,6,53,55,-1,55,57,6,-1,6,57,59,-1,6,59,61,-1,5,2,7,-1,7,2,3,-1,3,62,7,-1,7,62,60,-1,7,60,58,-1,45,12,47,-1,47,12,10,-1,47,10,49,-1,49,10,9,-1,49,9,51,-1,51,9,7,-1,51,7,52,-1,37,24,39,-1,39,24,22,-1,39,22,41,-1,33,31,35,-1,35,31,28,-1,35,28,37,-1,37,28,26,-1,37,26,24,-1,22,20,41,-1,41,20,18,-1,41,18,43,-1,43,18,16,-1,43,16,45,-1,45,16,14,-1,45,14,12,-1,58,56,7,-1,7,56,54,-1,7,54,52,-1,64,65,66,-1,66,65,67,-1,68,69,70,-1,70,69,71,-1,72,68,73,-1,73,68,70,-1,69,65,71,-1,71,65,64,-1,67,65,74,-1,74,65,69,-1,74,69,72,-1,72,69,68,-1,73,70,75,-1,75,70,71,-1,75,71,66,-1,66,71,64,-1,75,74,73,-1,73,74,72,-1,66,67,75,-1,75,67,74,-1,76,77,78,-1,78,77,79,-1,80,76,81,-1,81,76,78,-1,82,80,83,-1,83,80,81,-1,84,82,85,-1,85,82,83,-1,84,85,86,-1,84,86,87,-1,87,86,88,-1,87,88,89,-1,89,88,90,-1,89,90,91,-1,91,90,92,-1,91,92,93,-1,93,92,94,-1,93,94,95,-1,95,94,96,-1,95,96,97,-1,97,96,98,-1,97,98,99,-1,99,98,100,-1,99,100,101,-1,101,100,102,-1,101,102,103,-1,103,102,104,-1,103,104,105,-1,106,105,107,-1,107,105,104,-1,108,106,109,-1,109,106,107,-1,110,108,111,-1,111,108,109,-1,110,111,112,-1,112,111,113,-1,112,113,114,-1,114,113,115,-1,114,115,116,-1,116,115,117,-1,116,117,118,-1,118,117,119,-1,118,119,120,-1,120,119,121,-1,120,121,122,-1,122,121,123,-1,122,123,124,-1,124,123,125,-1,126,124,127,-1,127,124,125,-1,126,127,128,-1,126,128,129,-1,129,128,130,-1,129,130,131,-1,131,130,132,-1,131,132,133,-1,133,132,134,-1,133,134,135,-1,135,134,136,-1,135,136,137,-1,137,136,138,-1,137,138,139,-1,139,138,79,-1,139,79,77,-1,118,120,91,-1,76,80,77,-1,77,80,82,-1,77,82,139,-1,139,82,137,-1,91,120,89,-1,89,120,122,-1,89,122,87,-1,87,122,84,-1,84,122,124,-1,84,124,82,-1,114,101,112,-1,112,101,103,-1,112,103,110,-1,110,103,105,-1,110,105,108,-1,108,105,106,-1,91,93,118,-1,118,93,95,-1,118,95,116,-1,116,95,97,-1,116,97,114,-1,114,97,99,-1,114,99,101,-1,124,126,82,-1,82,126,129,-1,82,129,131,-1,131,133,82,-1,82,133,135,-1,82,135,137,-1,81,78,83,-1,83,78,79,-1,79,138,83,-1,83,138,136,-1,83,136,134,-1,121,88,123,-1,123,88,86,-1,123,86,125,-1,125,86,85,-1,125,85,127,-1,127,85,83,-1,127,83,128,-1,113,100,115,-1,115,100,98,-1,115,98,117,-1,109,107,111,-1,111,107,104,-1,111,104,113,-1,113,104,102,-1,113,102,100,-1,98,96,117,-1,117,96,94,-1,117,94,119,-1,119,94,92,-1,119,92,121,-1,121,92,90,-1,121,90,88,-1,134,132,83,-1,83,132,130,-1,83,130,128,-1,140,141,142,-1,142,141,143,-1,144,140,145,-1,145,140,142,-1,146,144,147,-1,147,144,145,-1,148,146,149,-1,149,146,147,-1,148,149,150,-1,148,150,151,-1,151,150,152,-1,151,152,153,-1,153,152,154,-1,153,154,155,-1,155,154,156,-1,155,156,157,-1,157,156,158,-1,157,158,159,-1,159,158,160,-1,159,160,161,-1,161,160,162,-1,161,162,163,-1,163,162,164,-1,163,164,165,-1,165,164,166,-1,165,166,167,-1,167,166,168,-1,167,168,169,-1,170,169,171,-1,171,169,168,-1,172,170,173,-1,173,170,171,-1,174,172,175,-1,175,172,173,-1,174,175,176,-1,176,175,177,-1,176,177,178,-1,178,177,179,-1,178,179,180,-1,180,179,181,-1,180,181,182,-1,182,181,183,-1,182,183,184,-1,184,183,185,-1,184,185,186,-1,186,185,187,-1,186,187,188,-1,188,187,189,-1,190,188,191,-1,191,188,189,-1,190,191,192,-1,190,192,193,-1,193,192,194,-1,193,194,195,-1,195,194,196,-1,195,196,197,-1,197,196,198,-1,197,198,199,-1,199,198,200,-1,199,200,201,-1,201,200,202,-1,201,202,203,-1,203,202,143,-1,203,143,141,-1,140,144,141,-1,141,144,146,-1,141,146,203,-1,203,146,201,-1,178,180,161,-1,161,180,159,-1,159,180,182,-1,159,182,157,-1,157,182,155,-1,155,182,184,-1,155,184,153,-1,153,184,186,-1,153,186,151,-1,151,186,148,-1,148,186,188,-1,148,188,146,-1,161,163,178,-1,178,163,165,-1,178,165,176,-1,176,165,167,-1,176,167,174,-1,174,167,169,-1,174,169,172,-1,172,169,170,-1,188,190,146,-1,146,190,193,-1,146,193,195,-1,195,197,146,-1,146,197,199,-1,146,199,201,-1,145,142,147,-1,147,142,143,-1,143,202,147,-1,147,202,200,-1,147,200,198,-1,185,152,187,-1,187,152,150,-1,187,150,189,-1,189,150,149,-1,189,149,191,-1,191,149,147,-1,191,147,192,-1,181,158,183,-1,183,158,156,-1,183,156,185,-1,185,156,154,-1,185,154,152,-1,173,171,175,-1,175,171,168,-1,175,168,177,-1,168,166,177,-1,177,166,164,-1,177,164,179,-1,179,164,162,-1,179,162,181,-1,181,162,160,-1,181,160,158,-1,198,196,147,-1,147,196,194,-1,147,194,192,-1,204,205,206,-1,206,205,207,-1,208,204,209,-1,209,204,206,-1,210,208,211,-1,211,208,209,-1,212,210,213,-1,213,210,211,-1,212,213,214,-1,212,214,215,-1,215,214,216,-1,215,216,217,-1,217,216,218,-1,217,218,219,-1,219,218,220,-1,219,220,221,-1,221,220,222,-1,221,222,223,-1,223,222,224,-1,223,224,225,-1,225,224,226,-1,225,226,227,-1,227,226,228,-1,227,228,229,-1,229,228,230,-1,229,230,231,-1,231,230,232,-1,231,232,233,-1,234,233,235,-1,235,233,232,-1,236,234,237,-1,237,234,235,-1,238,236,239,-1,239,236,237,-1,238,239,240,-1,240,239,241,-1,240,241,242,-1,242,241,243,-1,242,243,244,-1,244,243,245,-1,244,245,246,-1,246,245,247,-1,246,247,248,-1,248,247,249,-1,248,249,250,-1,250,249,251,-1,250,251,252,-1,252,251,253,-1,254,252,255,-1,255,252,253,-1,254,255,256,-1,254,256,257,-1,257,256,258,-1,257,258,259,-1,259,258,260,-1,259,260,261,-1,261,260,262,-1,261,262,263,-1,263,262,264,-1,263,264,265,-1,265,264,266,-1,265,266,267,-1,267,266,207,-1,267,207,205,-1,204,208,205,-1,205,208,210,-1,205,210,267,-1,267,210,265,-1,242,244,225,-1,225,244,223,-1,223,244,246,-1,223,246,221,-1,221,246,219,-1,219,246,248,-1,219,248,217,-1,217,248,250,-1,217,250,215,-1,215,250,212,-1,212,250,252,-1,212,252,210,-1,225,227,242,-1,242,227,229,-1,242,229,240,-1,240,229,231,-1,240,231,238,-1,238,231,233,-1,238,233,236,-1,236,233,234,-1,252,254,210,-1,210,254,257,-1,210,257,259,-1,259,261,210,-1,210,261,263,-1,210,263,265,-1,209,206,211,-1,211,206,207,-1,207,266,211,-1,211,266,264,-1,211,264,262,-1,249,216,251,-1,251,216,214,-1,251,214,253,-1,253,214,213,-1,253,213,255,-1,255,213,211,-1,255,211,256,-1,245,222,247,-1,247,222,220,-1,247,220,249,-1,249,220,218,-1,249,218,216,-1,237,235,239,-1,239,235,232,-1,239,232,241,-1,232,230,241,-1,241,230,228,-1,241,228,243,-1,243,228,226,-1,243,226,245,-1,245,226,224,-1,245,224,222,-1,262,260,211,-1,211,260,258,-1,211,258,256,-1,268,269,270,-1,270,269,271,-1,272,268,273,-1,273,268,270,-1,274,272,275,-1,275,272,273,-1,276,274,277,-1,277,274,275,-1,276,277,278,-1,276,278,279,-1,279,278,280,-1,279,280,281,-1,281,280,282,-1,281,282,283,-1,283,282,284,-1,283,284,285,-1,285,284,286,-1,285,286,287,-1,287,286,288,-1,287,288,289,-1,289,288,290,-1,289,290,291,-1,291,290,292,-1,291,292,293,-1,293,292,294,-1,293,294,295,-1,295,294,296,-1,295,296,297,-1,298,297,299,-1,299,297,296,-1,300,298,301,-1,301,298,299,-1,302,300,303,-1,303,300,301,-1,302,303,304,-1,304,303,305,-1,304,305,306,-1,306,305,307,-1,306,307,308,-1,308,307,309,-1,308,309,310,-1,310,309,311,-1,310,311,312,-1,312,311,313,-1,312,313,314,-1,314,313,315,-1,314,315,316,-1,316,315,317,-1,318,316,319,-1,319,316,317,-1,318,319,320,-1,318,320,321,-1,321,320,322,-1,321,322,323,-1,323,322,324,-1,323,324,325,-1,325,324,326,-1,325,326,327,-1,327,326,328,-1,327,328,329,-1,329,328,330,-1,329,330,331,-1,331,330,271,-1,331,271,269,-1,310,312,283,-1,268,272,269,-1,269,272,274,-1,269,274,331,-1,331,274,329,-1,283,312,281,-1,281,312,314,-1,281,314,279,-1,279,314,276,-1,276,314,316,-1,276,316,274,-1,306,293,304,-1,304,293,295,-1,304,295,302,-1,302,295,297,-1,302,297,300,-1,300,297,298,-1,283,285,310,-1,310,285,287,-1,310,287,308,-1,308,287,289,-1,308,289,306,-1,306,289,291,-1,306,291,293,-1,316,318,274,-1,274,318,321,-1,274,321,323,-1,323,325,274,-1,274,325,327,-1,274,327,329,-1,273,270,275,-1,275,270,271,-1,271,330,275,-1,275,330,328,-1,275,328,326,-1,313,280,315,-1,315,280,278,-1,315,278,317,-1,317,278,277,-1,317,277,319,-1,319,277,275,-1,319,275,320,-1,305,292,307,-1,307,292,290,-1,307,290,309,-1,301,299,303,-1,303,299,296,-1,303,296,305,-1,305,296,294,-1,305,294,292,-1,290,288,309,-1,309,288,286,-1,309,286,311,-1,311,286,284,-1,311,284,313,-1,313,284,282,-1,313,282,280,-1,326,324,275,-1,275,324,322,-1,275,322,320,-1,
        ]
    }
}
Shape{
    appearance Appearance {
        material  Material 	{
            diffuseColor 1.0 1.0 1.0
            specularColor 0.5019607843137255 0.5019607843137255 0.5019607843137255
            ambientIntensity 1.0
            transparency 0.0
            shininess 0.5
        }
    }
    geometry IndexedFaceSet {
        ccw TRUE
        solid FALSE
        coord DEF co Coordinate {
            point [
                -0.3061 2.3463 1.1417, -0.3061 2.2281 1.1417, -0.2529 2.2281 1.1417, 0.0283 2.0965 1.1417, -0.0098 2.0 1.1417, 0.0373 2.0 1.1417, 5.1732 0.0512 1.1417, 5.2559 0.0512 1.1417, 4.3898 0.9173 1.1417, -0.7775 2.1117 1.1417, -0.7609 2.0965 1.1417, -0.7022 2.1272 1.1417, -0.858 1.9416 1.1417, -0.8713 1.9472 1.1417, -2.1096 1.9472 1.1417, -1.0313 2.1962 1.1417, -1.0245 2.2117 1.1417, -2.1096 2.2117 1.1417, -0.4616 2.2117 1.1417, -0.3779 2.2117 1.1417, -0.468 2.2206 1.1417, -0.3779 2.3474 1.1417, -0.4937 2.2423 1.1417, -0.6201 2.3612 1.1417, -0.5996 2.3474 1.1417, -0.5778 2.3328 1.1417, -0.5464 2.2964 1.1417, -0.5265 2.2578 1.1417, -0.522 2.2563 1.1417, -0.7537 2.3763 1.1417, -0.7068 2.3821 1.1417, -0.3779 2.8858 1.1417, -0.6677 2.378 1.1417, -0.7975 2.3595 1.1417, -2.1096 2.8858 1.1417, -0.8169 2.3474 1.1417, -2.1096 2.3474 1.1417, -0.8207 2.3451 1.1417, -1.0162 2.2304 1.1417, -0.9933 2.2597 1.1417, -0.9217 2.3006 1.1417, -0.8842 2.3053 1.1417, -0.843 2.326 1.1417, -0.8733 2.3047 1.1417, -0.8624 2.3034 1.1417, -0.987 2.2657 1.1417, -0.9568 2.287 1.1417, -2.1096 2.1272 1.1417, -1.0379 2.1516 1.1417, -1.0377 2.1606 1.1417, -0.9685 2.0229 1.1417, -0.9981 2.0481 1.1417, -2.1096 2.0 1.1417, -1.0197 2.079 1.1417, -1.0333 2.1143 1.1417, -1.0349 2.1272 1.1417, -0.9342 2.0062 1.1417, -0.921 2.0 1.1417, -0.9222 2.0026 1.1417, -0.8799 1.9508 1.1417, -0.8985 1.9647 1.1417, -0.9126 1.9821 1.1417, -0.7928 1.9472 1.1417, -0.809 1.9409 1.1417, -0.3779 -3.4528 1.1417, -0.8356 1.9381 1.1417, -2.1096 -3.4528 1.1417, -0.832 1.9381 1.1417, -0.7432 2.0 1.1417, -0.7433 1.9994 1.1417, -0.3779 1.9472 1.1417, -0.7546 1.9783 1.1417, -0.7689 1.9622 1.1417, -0.7878 1.9491 1.1417, -0.3779 2.1272 1.1417, -0.4334 2.1272 1.1417, -0.4369 2.0998 1.1417, -0.622 2.056 1.1417, -0.6155 2.0586 1.1417, -0.6043 2.1127 1.1417, -0.4677 2.0434 1.1417, -0.4935 2.0216 1.1417, -0.3779 2.0 1.1417, -0.6278 2.0519 1.1417, -0.6081 2.0595 1.1417, -0.6072 2.0595 1.1417, -0.6044 2.0588 1.1417, -0.4488 2.0697 1.1417, -0.6375 2.0301 1.1417, -0.6373 2.0338 1.1417, -0.7372 2.0424 1.1417, -0.6354 2.0411 1.1417, -0.6317 2.0475 1.1417, -0.6154 2.0016 1.1417, -0.6216 2.004 1.1417, -0.6278 2.0084 1.1417, -0.63 2.0106 1.1417, -0.6341 2.0166 1.1417, -0.6366 2.023 1.1417, -0.7377 2.0228 1.1417, -0.7372 2.033 1.1417, -0.5093 2.0839 1.1417, -0.4993 2.099 1.1417, -0.4932 2.1161 1.1417, -0.6128 2.1272 1.1417, -0.5224 2.0074 1.1417, -0.554 2.0007 1.1417, -0.61 2.0007 1.1417, -0.6024 2.0586 1.1417, -0.5597 2.0586 1.1417, -0.5488 2.0602 1.1417, -0.5314 2.0665 1.1417, -0.5164 2.0768 1.1417, -0.832 2.1288 1.1417, -0.8206 2.1281 1.1417, -0.5742 2.2117 1.1417, -0.6337 2.1629 1.1417, -0.573 2.2066 1.1417, -0.5654 2.2066 1.1417, -0.492 2.1272 1.1417, -0.4914 2.1326 1.1417, -0.4919 2.1407 1.1417, -0.9573 2.2117 1.1417, -0.9672 2.1977 1.1417, -0.8451 2.1272 1.1417, -0.9753 2.1765 1.1417, -0.9782 2.1535 1.1417, -0.5175 2.1889 1.1417, -0.5325 2.1988 1.1417, -0.5492 2.2048 1.1417, -0.4963 2.159 1.1417, -0.5051 2.1754 1.1417, -0.8168 2.1272 1.1417, -0.7977 2.1224 1.1417, -0.977 2.1386 1.1417, -0.9736 2.1272 1.1417, -0.8548 2.126 1.1417, -0.8757 2.1179 1.1417, -0.9701 2.1154 1.1417, -0.9108 2.0865 1.1417, -0.8951 2.1044 1.1417, -0.959 2.0964 1.1417, -0.942 2.0789 1.1417, -0.9212 2.0662 1.1417, -0.5936 2.2638 1.1417, -0.6151 2.2894 1.1417, -0.833 2.2341 1.1417, -0.6172 2.2913 1.1417, -0.6438 2.3098 1.1417, -0.8185 2.2642 1.1417, -0.8394 2.2376 1.1417, -0.5789 2.2333 1.1417, -0.8607 2.2455 1.1417, -0.8833 2.2483 1.1417, -0.8934 2.2478 1.1417, -0.7972 2.2896 1.1417, -0.6736 2.3212 1.1417, -0.7718 2.3081 1.1417, -0.7059 2.3252 1.1417, -0.7409 2.3207 1.1417, -0.9168 2.2422 1.1417, -0.9379 2.2309 1.1417, -0.954 2.2165 1.1417, -0.4486 2.1936 1.1417, -0.437 2.1646 1.1417, -0.4326 2.1335 1.1417, 0.2783 2.0012 1.1417, 0.2593 2.0012 1.1417, 0.1307 2.0 1.1417, 0.3604 2.0012 1.1417, 0.3467 2.0377 1.1417, 0.2912 2.0377 1.1417, 0.3794 2.0012 1.1417, 4.3071 2.0 1.1417, 0.3314 2.1272 1.1417, 4.3071 2.1272 1.1417, 0.3286 2.1346 1.1417, 0.2318 2.1169 1.1417, 0.2373 2.1114 1.1417, 0.3073 2.1272 1.1417, 0.2453 2.0996 1.1417, 0.25 2.0866 1.1417, 0.2416 2.0316 1.1417, 0.2318 2.0198 1.1417, 0.2282 2.0168 1.1417, 0.2149 2.0084 1.1417, 0.2519 2.0696 1.1417, 0.2515 2.0609 1.1417, 0.2482 2.0453 1.1417, 0.1433 2.1346 1.1417, 0.1307 2.2117 1.1417, 0.1307 2.1272 1.1417, 0.199 2.0031 1.1417, 0.18 2.0012 1.1417, 0.1433 2.0012 1.1417, 0.1433 2.1272 1.1417, 0.1813 2.1346 1.1417, 0.2026 2.1321 1.1417, 0.2157 2.1272 1.1417, 4.3071 2.2117 1.1417, 0.3101 2.1346 1.1417, 0.2186 2.1261 1.1417, -0.2546 2.1272 1.1417, -0.2546 2.1193 1.1417, -0.2495 2.1272 1.1417, -0.2515 2.0164 1.1417, -0.2495 2.0 1.1417, -0.2515 2.0012 1.1417, -0.3233 2.0012 1.1417, -0.3061 2.0613 1.1417, -0.3061 2.0164 1.1417, -0.2584 2.0613 1.1417, -0.2584 2.0765 1.1417, -0.3061 2.0765 1.1417, -0.3061 2.1193 1.1417, -0.3233 2.1346 1.1417, -0.3233 2.1272 1.1417, -0.2546 2.1346 1.1417, -0.2495 2.2117 1.1417, 0.1796 2.2494 1.1417, 0.1307 2.2494 1.1417, 0.1932 2.2129 1.1417, 0.2123 2.2129 1.1417, 0.1614 2.3463 1.1417, 4.3071 2.3474 1.1417, 0.1307 2.3474 1.1417, 0.1241 2.2494 1.1417, 0.1112 2.2129 1.1417, 0.0885 2.2117 1.1417, 0.0922 2.2129 1.1417, 0.0885 2.3474 1.1417, 0.1307 2.3138 1.1417, 0.143 2.3463 1.1417, -0.0676 2.273 1.1417, -0.1036 2.273 1.1417, -0.0676 2.2281 1.1417, -0.1036 2.2281 1.1417, -0.0365 2.3474 1.1417, -0.0676 2.3474 1.1417, -0.0521 2.3463 1.1417, -0.0676 2.3463 1.1417, -0.0559 2.273 1.1417, -0.0491 2.2281 1.1417, -0.0559 2.2882 1.1417, -0.0521 2.331 1.1417, -0.0676 2.2882 1.1417, -0.0676 2.331 1.1417, -0.1036 2.331 1.1417, -0.1036 2.2882 1.1417, -0.1208 2.2129 1.1417, -0.1286 2.2117 1.1417, -0.0676 2.2117 1.1417, -0.0365 2.2117 1.1417, -0.0491 2.2129 1.1417, -0.0676 2.2129 1.1417, -0.1208 2.3463 1.1417, -0.1286 2.3474 1.1417, -0.1655 2.3474 1.1417, -0.1607 2.347 1.1417, -0.1476 2.3431 1.1417, -0.1476 2.3251 1.1417, -0.1476 2.2349 1.1417, -0.1476 2.2184 1.1417, -0.1498 2.2173 1.1417, -0.1642 2.2126 1.1417, -0.1727 2.2117 1.1417, -0.217 2.3164 1.1417, -0.2232 2.307 1.1417, -0.2294 2.2768 1.1417, -0.1609 2.2289 1.1417, -0.176 2.2262 1.1417, -0.2275 2.2952 1.1417, -0.2294 2.2781 1.1417, -0.1629 2.3311 1.1417, -0.179 2.333 1.1417, -0.1849 2.3327 1.1417, -0.1964 2.3304 1.1417, -0.2273 2.2605 1.1417, -0.2231 2.2496 1.1417, -0.2163 2.24 1.1417, -0.2042 2.2308 1.1417, -0.1945 2.2273 1.1417, -0.182 2.226 1.1417, -0.1493 2.326 1.1417, -0.2068 2.3253 1.1417, -0.2154 2.3182 1.1417, -0.2131 2.2369 1.1417, -0.2415 2.8858 1.1417, -0.1792 2.3486 1.1417, -0.1286 2.8858 1.1417, -0.1779 2.3486 1.1417, -0.1896 2.3474 1.1417, -0.2415 2.3474 1.1417, -0.1966 2.3467 1.1417, -0.2108 2.3416 1.1417, -0.2377 2.3166 1.1417, -0.2282 2.3289 1.1417, -0.224 2.3328 1.1417, -0.2495 2.3474 1.1417, -0.2441 2.3019 1.1417, -0.2415 2.3078 1.1417, -0.2415 2.2464 1.1417, -0.2456 2.2584 1.1417, -0.2475 2.2771 1.1417, -0.2472 2.2845 1.1417, -0.2065 2.2138 1.1417, -0.2192 2.2196 1.1417, -0.2415 2.2117 1.1417, -0.2303 2.2288 1.1417, -0.2331 2.232 1.1417, -0.2406 2.2438 1.1417, -0.196 2.2117 1.1417, -0.2415 2.1272 1.1417, -0.1919 2.2109 1.1417, -0.1845 2.2106 1.1417, -0.1286 2.1272 1.1417, -3.1844 1.9472 1.1417, -3.1812 1.9229 1.1417, -3.1812 -2.1379 1.1417, -5.1732 -3.6103 1.1417, -4.7559 -3.6103 1.1417, -4.7559 -3.4134 1.1417, -4.5984 -3.4528 1.1417, -4.5984 -3.4134 1.1417, -4.3259 -2.1379 1.1417, -5.1732 1.9472 1.1417, -3.1879 1.9738 1.1417, -3.3781 2.1197 1.1417, -3.3271 2.113 1.1417, -3.2797 2.0933 1.1417, -5.1732 2.0 1.1417, -4.3083 2.0 1.1417, -5.1732 2.1272 1.1417, -4.2995 2.0213 1.1417, -4.2682 2.0621 1.1417, -4.2274 2.0933 1.1417, -4.18 2.113 1.1417, -4.129 2.1197 1.1417, -3.2389 2.0621 1.1417, -3.2076 2.0213 1.1417, -3.1988 2.0 1.1417, -4.3259 1.9229 1.1417, -4.3227 1.9472 1.1417, -4.3192 1.9738 1.1417, 4.3071 0.9173 1.1417, 4.3071 1.9472 1.1417, 0.1307 1.9472 1.1417, 5.1732 -3.6103 1.1417, 0.1307 -3.4528 1.1417, 4.5984 -3.4528 1.1417, 4.5984 -3.4134 1.1417, 4.7559 -3.6103 1.1417, 4.7559 -3.4134 1.1417, 0.0885 1.9472 1.1417, 0.0885 -3.4528 1.1417, 0.0373 1.9472 1.1417, 0.0373 -3.4528 1.1417, -0.0365 1.9472 1.1417, -0.0365 -3.4528 1.1417, -0.0676 1.9472 1.1417, -0.0676 -3.4528 1.1417, -0.2495 -3.4528 1.1417, -0.2495 1.9472 1.1417, -0.2415 -3.4528 1.1417, -0.2415 1.9472 1.1417, -0.1286 -3.4528 1.1417, -0.1286 1.9472 1.1417, 0.0811 2.2571 1.1417, 0.0745 2.2433 1.1417, 0.0647 2.2316 1.1417, 0.0373 2.3474 1.1417, 0.0373 2.3432 1.1417, 0.0515 2.3378 1.1417, 0.0373 2.2166 1.1417, 0.0373 2.2117 1.1417, 0.0478 2.2201 1.1417, 0.0611 2.2285 1.1417, 0.0647 2.3286 1.1417, 0.0702 2.3232 1.1417, 0.0782 2.3113 1.1417, 0.0829 2.2983 1.1417, 0.0848 2.2813 1.1417, 0.0844 2.2727 1.1417, 0.0142 2.3463 1.1417, 0.0355 2.3438 1.1417, 0.0319 2.2148 1.1417, 0.0128 2.2129 1.1417, -0.0239 2.2129 1.1417, -0.0239 2.3463 1.1417, -0.1899 2.0023 1.1417, -0.1962 2.0 1.1417, -0.1757 2.0012 1.1417, -0.184 2.0062 1.1417, -0.2153 2.0001 1.1417, -0.2217 2.0025 1.1417, -0.2415 2.0 1.1417, -0.2327 2.0134 1.1417, -0.2347 2.0191 1.1417, -0.2288 2.0466 1.1417, -0.2236 2.0511 1.1417, -0.2262 2.0735 1.1417, -0.2165 2.0547 1.1417, -0.2155 2.0804 1.1417, -0.2039 2.0578 1.1417, -0.1893 2.0845 1.1417, -0.195 2.0851 1.1417, -0.205 2.084 1.1417, -0.2273 2.0064 1.1417, -0.2292 2.0083 1.1417, -0.1757 2.0159 1.1417, -0.1761 2.0159 1.1417, -0.1787 2.0119 1.1417, -0.2262 2.0898 1.1417, -0.2222 2.0921 1.1417, -0.2096 2.0968 1.1417, -0.1763 2.0956 1.1417, -0.1708 2.0925 1.1417, -0.1335 2.0821 1.1417, -0.1663 2.0882 1.1417, -0.1355 2.0767 1.1417, -0.1629 2.0828 1.1417, -0.1603 2.0752 1.1417, -0.2355 2.0267 1.1417, -0.2355 2.0287 1.1417, -0.2344 2.0359 1.1417, -0.2321 2.0418 1.1417, -0.1287 2.0528 1.1417, -0.1363 2.0218 1.1417, -0.1286 2.0527 1.1417, -0.1298 2.0177 1.1417, -0.1286 2.0173 1.1417, -0.1315 2.0557 1.1417, -0.1336 2.0592 1.1417, -0.1589 2.0625 1.1417, -0.1355 2.0643 1.1417, -0.1362 2.0707 1.1417, -0.1757 2.0617 1.1417, -0.1762 2.0691 1.1417, -0.178 2.0751 1.1417, -0.1799 2.0785 1.1417, -0.1934 2.0986 1.1417, -0.1834 2.0978 1.1417, -0.1825 2.0812 1.1417, -0.1854 2.0831 1.1417, -0.1967 1.9999 1.1417, -0.2053 1.9989 1.1417, -0.215 2.0 1.1417, -0.1363 2.0045 1.1417, -0.1589 2.0012 1.1417, -0.1286 2.0018 1.1417, -0.1286 2.0 1.1417, -0.1243 2.0003 1.1417, -0.1215 2.0 1.1417, -0.0999 2.0 1.1417, -0.1104 1.9989 1.1417, -0.0676 2.0 1.1417, -0.0966 2.0004 1.1417, -0.0676 2.1272 1.1417, -0.0765 2.0944 1.1417, -0.0765 2.0782 1.1417, -0.0775 2.0428 1.1417, -0.0744 2.0382 1.1417, -0.1255 2.0911 1.1417, -0.1206 2.094 1.1417, -0.0748 2.0151 1.1417, -0.0779 2.0107 1.1417, -0.1304 2.0866 1.1417, -0.1286 2.0883 1.1417, -0.0726 2.0333 1.1417, -0.0719 2.0271 1.1417, -0.0727 2.0204 1.1417, -0.1114 2.0973 1.1417, -0.0991 2.0986 1.1417, -0.0899 2.098 1.1417, -0.0827 2.0065 1.1417, -0.0875 2.0036 1.1417, -0.1007 2.0851 1.1417, -0.1057 2.0847 1.1417, -0.119 2.0722 1.1417, -0.1101 2.0835 1.1417, -0.1139 2.0815 1.1417, -0.1188 2.07 1.1417, -0.1181 2.0674 1.1417, -0.1169 2.0652 1.1417, -0.1153 2.0634 1.1417, -0.1094 2.0597 1.1417, -0.0897 2.0838 1.1417, -0.0991 2.0552 1.1417, -0.0803 2.0804 1.1417, -0.0926 2.0526 1.1417, -0.0815 2.0464 1.1417, -0.1164 2.0793 1.1417, -0.1178 2.0772 1.1417, -0.1187 2.0749 1.1417, -0.1193 2.0138 1.1417, -0.1109 2.043 1.1417, -0.1208 2.0476 1.1417, -0.1088 2.0125 1.1417, -0.1081 2.0126 1.1417, -0.0999 2.0384 1.1417, -0.0995 2.0135 1.1417, -0.0891 2.0254 1.1417, -0.0892 2.0275 1.1417, -0.0952 2.0151 1.1417, -0.0937 2.016 1.1417, -0.0917 2.0177 1.1417, -0.0903 2.0199 1.1417, -0.0894 2.0223 1.1417, -0.09 2.0301 1.1417, -0.0913 2.0323 1.1417, -0.0934 2.0345 1.1417, -0.0196 2.0248 1.1417, -0.0176 2.017 1.1417, -0.0171 2.017 1.1417, 0.0373 2.1272 1.1417, -0.0365 2.1272 1.1417, 0.0109 2.0965 1.1417, -0.0365 2.0733 1.1417, -0.0151 2.0247 1.1417, -0.0164 2.0202 1.1417, -0.0365 2.0284 1.1417, -0.0632 2.0965 1.1417, -0.0445 2.0965 1.1417, -0.0264 2.0 1.1417, -0.0258 2.0014 1.1417, -0.0365 1.978 1.1417, -0.0364 1.978 1.1417, -0.0365 2.0 1.1417, -0.0332 1.984 1.1417, -0.0598 1.9725 1.1417, -0.0598 1.9576 1.1417, -0.0564 1.9714 1.1417, -0.0503 1.9706 1.1417, -0.0463 1.971 1.1417, -0.0365 1.9592 1.1417, -0.0422 1.957 1.1417, -0.049 1.9563 1.1417, -0.0527 1.9564 1.1417, -0.0426 1.9724 1.1417, -0.0396 1.9745 1.1417, -0.015 1.9868 1.1417, -0.0226 1.972 1.1417, -0.0287 1.9647 1.1417, -0.0298 1.9636 1.1417, -0.0357 1.9596 1.1417, 0.0885 2.0613 1.1417, 0.0635 2.0613 1.1417, 0.0885 2.0164 1.1417, 0.0635 2.0164 1.1417, 0.115 2.1193 1.1417, 0.1181 2.0164 1.1417, 0.1181 2.0012 1.1417, 0.0885 2.0 1.1417, 0.1112 2.0613 1.1417, 0.1112 2.0765 1.1417, 0.0885 2.0765 1.1417, 0.0885 2.1193 1.1417, 0.0635 2.1193 1.1417, 0.0635 2.0765 1.1417, 0.0463 2.0012 1.1417, 0.0463 2.1272 1.1417, 0.0463 2.1346 1.1417, 0.0885 2.0012 1.1417, -0.0676 2.8858 1.1417, -0.0365 2.8858 1.1417, 0.0373 2.8858 1.1417, 0.0885 2.8858 1.1417, 0.1307 2.8858 1.1417, 4.3071 2.8858 1.1417, -0.2495 2.8858 1.1417, -0.3233 2.2129 1.1417, -0.3233 2.3463 1.1417, -0.2529 2.2129 1.1417, 0.0885 2.1346 1.1417, 0.115 2.1346 1.1417, 0.115 2.1272 1.1417, -5.1732 2.8858 1.1417, -5.1732 2.3474 1.1417, -5.1732 2.2117 1.1417, 4.5866 2.1949 0.0748, 4.5866 2.0984 0.0748, 4.5866 2.1949 -0.0039, 4.5866 2.0984 -0.0039, 5.4528 -3.5138 0.0748, 5.4528 -3.6103 0.0748, 5.4528 -3.5138 -0.0039, 5.4528 -3.6103 -0.0039, -5.4528 -2.9193 0.0748, -5.4528 -2.8229 0.0748, -5.4528 -2.9193 -0.0039, -5.4528 -2.8229 -0.0039, -5.4528 2.7893 0.0748, -5.4528 2.8858 0.0748, -5.4528 2.7893 -0.0039, -5.4528 2.8858 -0.0039, -4.7559 -3.4134 1.063, -4.5984 -3.4134 1.063, -5.1732 -3.6103 1.063, -4.7559 -3.6103 1.063, 5.1732 -3.6103 1.063, 4.7559 -3.6103 1.063, -5.1772 -2.7441 0.0, -5.2559 -2.7441 0.0, -5.1772 2.0197 0.0, -5.2559 2.0197 0.0, -5.2559 -2.5809 0.3988, -5.2559 -2.6064 0.4022, -5.2559 -2.6302 0.412, -5.2559 2.0197 0.1575, -5.2559 -1.4023 0.7713, -5.2559 2.021 0.1677, -5.2559 -3.6103 0.0787, -5.2559 -3.6103 1.0591, -5.2559 -2.8176 0.1772, -5.2559 -2.6794 0.4972, -5.2559 -2.5809 0.7713, -5.2559 -1.4023 0.3988, -5.2559 2.0984 0.0787, -5.2559 2.0984 0.1575, -5.2559 2.8858 0.0787, -5.2559 2.0971 0.1677, -5.2559 2.8858 1.0591, -5.2559 2.0931 0.1772, -5.2559 2.0869 0.1853, -5.2559 2.0488 0.1955, -5.2559 2.0393 0.1916, -5.2559 -1.4023 0.912, -5.2559 2.0312 0.1853, -5.2559 2.0249 0.1772, -5.2559 -1.4023 0.2527, -5.2559 -2.7294 0.2527, -5.2559 -2.7441 0.1575, -5.2559 -2.7549 0.2561, -5.2559 -2.7455 0.1677, -5.2559 -2.7786 0.2659, -5.2559 -2.7494 0.1772, -5.2559 -2.799 0.2815, -5.2559 -2.8215 0.1677, -5.2559 -2.8229 0.1575, -5.2559 -2.8229 0.0787, -5.2559 -2.676 0.4718, -5.2559 -2.6505 0.4276, -5.2559 -2.6662 0.448, -5.2559 -2.7638 0.1916, -5.2559 -2.7733 0.1955, -5.2559 -2.8147 0.3019, -5.2559 -2.7549 0.9087, -5.2559 -2.7786 0.8988, -5.2559 -2.799 0.8832, -5.2559 -2.8147 0.8628, -5.2559 -2.8245 0.8391, -5.2559 2.0787 0.1916, -5.2559 2.0692 0.1955, -5.2559 2.059 0.1969, -5.2559 -2.7556 0.1853, -5.2559 -2.7294 0.912, -5.2559 -2.6794 0.6728, -5.2559 -2.676 0.6983, -5.2559 -2.6662 0.722, -5.2559 -2.6505 0.7424, -5.2559 -2.6302 0.7581, -5.2559 -2.6064 0.7679, -5.2559 -2.8279 0.8136, -5.2559 -2.8279 0.3511, -5.2559 -2.8245 0.3256, -5.2559 -2.7835 0.1969, -5.2559 -2.7937 0.1955, -5.2559 -2.8032 0.1916, -5.2559 -2.8113 0.1853, -5.1772 2.8858 0.0787, -5.1772 2.8858 1.0591, -5.1772 2.0931 0.1772, -5.1772 -2.7441 0.1575, -5.1772 2.021 0.1677, -5.1772 2.0249 0.1772, -5.1772 -1.4023 0.3988, -5.1772 2.0971 0.1677, -5.1772 2.0984 0.1575, -5.1772 2.0984 0.0787, -5.1772 2.0312 0.1853, -5.1772 2.0393 0.1916, -5.1772 -2.8176 0.1772, -5.1772 -3.6103 1.0591, -5.1772 -2.8215 0.1677, -5.1772 -3.6103 0.0787, -5.1772 -2.8229 0.1575, -5.1772 -2.8229 0.0787, -5.1772 -2.8245 0.8391, -5.1772 -2.8147 0.8628, -5.1772 -1.4023 0.7713, -5.1772 -2.5809 0.7713, -5.1772 -2.5809 0.3988, -5.1772 -2.6794 0.6728, -5.1772 -1.4023 0.2527, -5.1772 2.0197 0.1575, -5.1772 2.0488 0.1955, -5.1772 2.059 0.1969, -5.1772 2.0692 0.1955, -5.1772 -2.8279 0.8136, -5.1772 -2.799 0.8832, -5.1772 -2.7786 0.8988, -5.1772 -2.7549 0.9087, -5.1772 -2.6505 0.4276, -5.1772 -2.6302 0.412, -5.1772 -2.6662 0.448, -5.1772 -2.676 0.4718, -5.1772 -2.6794 0.4972, -5.1772 -2.6064 0.4022, -5.1772 2.0787 0.1916, -5.1772 2.0869 0.1853, -5.1772 -2.7294 0.912, -5.1772 -1.4023 0.912, -5.1772 -2.6505 0.7424, -5.1772 -2.6302 0.7581, -5.1772 -2.6064 0.7679, -5.1772 -2.6662 0.722, -5.1772 -2.676 0.6983, -5.1772 -2.799 0.2815, -5.1772 -2.7937 0.1955, -5.1772 -2.7786 0.2659, -5.1772 -2.7835 0.1969, -5.1772 -2.7549 0.2561, -5.1772 -2.7733 0.1955, -5.1772 -2.7294 0.2527, -5.1772 -2.7638 0.1916, -5.1772 -2.7556 0.1853, -5.1772 -2.7494 0.1772, -5.1772 -2.7455 0.1677, -5.1772 -2.8113 0.1853, -5.1772 -2.8032 0.1916, -5.1772 -2.8147 0.3019, -5.1772 -2.8245 0.3256, -5.1772 -2.8279 0.3511, 5.1772 0.0512 0.0, 5.2559 0.0512 0.0, 5.1772 -2.7441 0.0, 5.2559 -2.7441 0.0, 5.2559 -3.6103 1.0591, 5.1772 -3.6103 1.0591, 5.2559 -3.6103 0.0787, 5.1772 -3.6103 0.0787, 5.2559 -2.7441 0.1575, 5.2559 -2.7455 0.1677, 5.2559 -2.8229 0.0787, 5.2559 -2.8229 0.1575, 5.2559 -2.8215 0.1677, 5.2559 -2.8176 0.1772, 5.2559 -2.8113 0.1853, 5.2559 -2.7733 0.1955, 5.2559 0.0512 1.0591, 5.2559 -2.7835 0.1969, 5.2559 -2.7638 0.1916, 5.2559 -2.7556 0.1853, 5.2559 -2.7494 0.1772, 5.2559 -2.8032 0.1916, 5.2559 -2.7937 0.1955, 5.1772 -2.7494 0.1772, 5.1772 -2.7556 0.1853, 5.1772 0.0512 1.0591, 5.1772 -2.8176 0.1772, 5.1772 -2.7455 0.1677, 5.1772 -2.8215 0.1677, 5.1772 -2.8229 0.1575, 5.1772 -2.8229 0.0787, 5.1772 -2.7441 0.1575, 5.1772 -2.7638 0.1916, 5.1772 -2.7733 0.1955, 5.1772 -2.7835 0.1969, 5.1772 -2.7937 0.1955, 5.1772 -2.8032 0.1916, 5.1772 -2.8113 0.1853, 4.311 2.8858 1.0591, 4.3898 2.8858 1.0591, 4.311 2.8858 0.0787, 4.3898 2.8858 0.0787, 4.3898 2.0984 0.1575, 4.3898 2.0984 0.0787, 4.3898 2.0692 0.1955, 4.3898 2.0787 0.1916, 4.3898 2.0197 0.0, 4.3898 2.0197 0.1575, 4.3898 0.9173 0.0, 4.3898 2.021 0.1677, 4.3898 0.9173 1.0591, 4.3898 2.0249 0.1772, 4.3898 2.0312 0.1853, 4.3898 2.0869 0.1853, 4.3898 2.0931 0.1772, 4.3898 2.0971 0.1677, 4.3898 2.0393 0.1916, 4.3898 2.0488 0.1955, 4.3898 2.059 0.1969, 4.311 2.0197 0.1575, 4.311 2.0197 0.0, 4.311 0.9173 0.0, 4.311 2.0869 0.1853, 4.311 2.0787 0.1916, 4.311 2.0984 0.0787, 4.311 2.0984 0.1575, 4.311 2.0971 0.1677, 4.311 2.0931 0.1772, 4.311 2.0393 0.1916, 4.311 2.0312 0.1853, 4.311 0.9173 1.0591, 4.311 2.0249 0.1772, 4.311 2.021 0.1677, 4.311 2.0692 0.1955, 4.311 2.059 0.1969, 4.311 2.0488 0.1955, 4.3897 0.9173 1.063, 4.3869 0.9173 1.0805, 4.3787 0.9173 1.1004, 4.3655 0.9173 1.1175, 4.3484 0.9173 1.1307, 4.3285 0.9173 1.1389, 5.1946 0.0512 1.1389, 5.2146 0.0512 1.1307, 5.2317 0.0512 1.1175, 5.2448 0.0512 1.1004, 5.2531 0.0512 1.0805, 5.2559 0.0512 1.063, 5.1732 0.0512 1.063, 4.7559 -3.4134 1.063, -5.1732 2.8858 1.063, -4.129 2.1197 1.063, -4.18 2.113 1.063, -4.2274 2.0933 1.063, -4.2682 2.0621 1.063, -4.2995 2.0213 1.063, -4.3192 1.9738 1.063, -4.3259 1.9229 1.063, -4.3259 -2.1379 1.063, -3.1812 -2.1379 1.063, -4.5984 -3.4528 1.063, 4.5984 -3.4528 1.063, -3.1879 1.9738 1.063, -3.2076 2.0213 1.063, 4.5984 -3.4134 1.063, -3.2389 2.0621 1.063, -3.2797 2.0933 1.063, 4.3071 0.9173 1.063, 4.3071 2.8858 1.063, -3.3271 2.113 1.063, -3.3781 2.1197 1.063, -3.1812 1.9229 1.063, -5.1742 -3.6103 1.0629, -5.1946 -3.6103 1.1389, -5.1752 -3.6103 1.0625, -5.2146 -3.6103 1.1307, -5.176 -3.6103 1.0618, -5.2317 -3.6103 1.1175, -5.1766 -3.6103 1.061, -5.2448 -3.6103 1.1004, -5.177 -3.6103 1.0601, -5.2531 -3.6103 1.0805, -5.177 2.8858 1.0601, -5.2531 2.8858 1.0805, -5.1766 2.8858 1.061, -5.2448 2.8858 1.1004, -5.176 2.8858 1.0618, -5.2317 2.8858 1.1175, -5.1752 2.8858 1.0625, -5.2146 2.8858 1.1307, -5.1742 2.8858 1.0629, -5.1946 2.8858 1.1389, 5.177 0.0512 1.0601, 5.1766 0.0512 1.061, 5.176 0.0512 1.0618, 5.1752 0.0512 1.0625, 5.1742 0.0512 1.0629, 5.177 -3.6103 1.0601, 5.2531 -3.6103 1.0805, 5.1766 -3.6103 1.061, 5.2448 -3.6103 1.1004, 5.176 -3.6103 1.0618, 5.2317 -3.6103 1.1175, 5.1752 -3.6103 1.0625, 5.2146 -3.6103 1.1307, 5.1742 -3.6103 1.0629, 5.1946 -3.6103 1.1389, 4.3081 2.8858 1.0629, 4.3285 2.8858 1.1389, 4.3091 2.8858 1.0625, 4.3484 2.8858 1.1307, 4.3099 2.8858 1.0618, 4.3655 2.8858 1.1175, 4.3105 2.8858 1.061, 4.3787 2.8858 1.1004, 4.3109 2.8858 1.0601, 4.3869 2.8858 1.0805, 4.3109 0.9173 1.0601, 4.3105 0.9173 1.061, 4.3099 0.9173 1.0618, 4.3081 0.9173 1.0629, 4.3091 0.9173 1.0625, 4.3899 2.0984 0.0777, 4.3138 2.0984 0.0573, 4.3903 2.0984 0.0768, 4.3221 2.0984 0.0374, 4.3909 2.0984 0.076, 4.3352 2.0984 0.0203, 4.3917 2.0984 0.0753, 4.3524 2.0984 0.0071, 4.3927 2.0984 0.0749, 4.3723 2.0984 -0.0011, 4.3937 2.0984 0.0748, 4.3937 2.0984 -0.0039, 4.3937 2.8858 0.0748, 4.3937 2.8858 -0.0039, 4.3927 2.8858 0.0749, 4.3723 2.8858 -0.0011, 4.3917 2.8858 0.0753, 4.3524 2.8858 0.0071, 4.3909 2.8858 0.076, 4.3352 2.8858 0.0203, 4.3903 2.8858 0.0768, 4.3221 2.8858 0.0374, 4.3899 2.8858 0.0777, 4.3138 2.8858 0.0573, 4.5866 2.8858 0.0748, 4.5866 2.8858 -0.0039, 4.5224 2.2828 -0.0039, 4.5866 2.7893 -0.0039, 4.5224 2.7014 -0.0039, 4.4822 2.6001 -0.0039, 4.4685 2.4921 -0.0039, 4.4822 2.3841 -0.0039, 4.5224 2.2828 0.0748, 4.4822 2.3841 0.0748, 4.4685 2.4921 0.0748, 4.5866 2.7893 0.0748, 4.5224 2.7014 0.0748, 4.4822 2.6001 0.0748, 5.256 -3.6103 0.0777, 5.18 -3.6103 0.0573, 5.2564 -3.6103 0.0768, 5.1882 -3.6103 0.0374, 5.2571 -3.6103 0.076, 5.2014 -3.6103 0.0203, 5.2579 -3.6103 0.0753, 5.2185 -3.6103 0.0071, 5.2588 -3.6103 0.0749, 5.2384 -3.6103 -0.0011, 5.2598 -3.6103 0.0748, 5.2598 -3.6103 -0.0039, 5.2598 -2.8229 0.0748, 5.2598 -2.8229 -0.0039, 5.2588 -2.8229 0.0749, 5.2384 -2.8229 -0.0011, 5.2579 -2.8229 0.0753, 5.2185 -2.8229 0.0071, 5.2571 -2.8229 0.076, 5.2014 -2.8229 0.0203, 5.2564 -2.8229 0.0768, 5.1882 -2.8229 0.0374, 5.256 -2.8229 0.0777, 5.18 -2.8229 0.0573, 5.4528 -2.8229 0.0748, 5.4528 -2.8229 -0.0039, 5.4528 -2.9193 -0.0039, 5.3886 -3.0073 -0.0039, 5.3886 -3.4258 -0.0039, 5.3483 -3.1085 -0.0039, 5.3346 -3.2166 -0.0039, 5.3483 -3.3246 -0.0039, 5.3886 -3.4258 0.0748, 5.3483 -3.3246 0.0748, 5.3346 -3.2166 0.0748, 5.4528 -2.9193 0.0748, 5.3886 -3.0073 0.0748, 5.3483 -3.1085 0.0748, -5.256 -2.8229 0.0779, -5.1792 -2.8229 0.0603, -5.2563 -2.8229 0.077, -5.1854 -2.8229 0.0429, -5.2568 -2.8229 0.0763, -5.1952 -2.8229 0.0272, -5.2574 -2.8229 0.0757, -5.2083 -2.8229 0.0141, -5.2581 -2.8229 0.0752, -5.224 -2.8229 0.0043, -5.259 -2.8229 0.0749, -5.2414 -2.8229 -0.0019, -5.2598 -2.8229 0.0748, -5.2598 -2.8229 -0.0039, -5.2598 -3.6103 0.0748, -5.2598 -3.6103 -0.0039, -5.259 -3.6103 0.0749, -5.2414 -3.6103 -0.0019, -5.2581 -3.6103 0.0752, -5.224 -3.6103 0.0043, -5.2574 -3.6103 0.0757, -5.2083 -3.6103 0.0141, -5.2568 -3.6103 0.0763, -5.1952 -3.6103 0.0272, -5.2563 -3.6103 0.077, -5.1854 -3.6103 0.0429, -5.256 -3.6103 0.0779, -5.1792 -3.6103 0.0603, -5.4528 -3.6103 0.0748, -5.4528 -3.6103 -0.0039, -5.4528 -3.5138 -0.0039, -5.3886 -3.4258 -0.0039, -5.3483 -3.3246 -0.0039, -5.3346 -3.2166 -0.0039, -5.3886 -3.0073 -0.0039, -5.3483 -3.1085 -0.0039, -5.4528 -3.5138 0.0748, -5.3886 -3.4258 0.0748, -5.3886 -3.0073 0.0748, -5.3483 -3.1085 0.0748, -5.3346 -3.2166 0.0748, -5.3483 -3.3246 0.0748, -5.256 2.8858 0.0779, -5.1792 2.8858 0.0603, -5.2563 2.8858 0.077, -5.1854 2.8858 0.0429, -5.2568 2.8858 0.0763, -5.1952 2.8858 0.0272, -5.2574 2.8858 0.0757, -5.2083 2.8858 0.0141, -5.2581 2.8858 0.0752, -5.224 2.8858 0.0043, -5.259 2.8858 0.0749, -5.2414 2.8858 -0.0019, -5.2598 2.8858 0.0748, -5.2598 2.8858 -0.0039, -5.2598 2.0984 0.0748, -5.2598 2.0984 -0.0039, -5.259 2.0984 0.0749, -5.2414 2.0984 -0.0019, -5.2581 2.0984 0.0752, -5.224 2.0984 0.0043, -5.2574 2.0984 0.0757, -5.2083 2.0984 0.0141, -5.2568 2.0984 0.0763, -5.1952 2.0984 0.0272, -5.2563 2.0984 0.077, -5.1854 2.0984 0.0429, -5.256 2.0984 0.0779, -5.1792 2.0984 0.0603, -5.4528 2.0984 0.0748, -5.4528 2.0984 -0.0039, -5.4528 2.1949 -0.0039, -5.3886 2.2828 -0.0039, -5.3886 2.7014 -0.0039, -5.3483 2.3841 -0.0039, -5.3346 2.4921 -0.0039, -5.3483 2.6001 -0.0039, -5.3886 2.7014 0.0748, -5.4528 2.1949 0.0748, -5.3886 2.2828 0.0748, -5.3483 2.6001 0.0748, -5.3346 2.4921 0.0748, -5.3483 2.3841 0.0748, -4.5984 -3.4533 1.1418, -4.5984 -3.4629 1.0636, 4.5984 -3.4629 1.0636, 4.5984 -3.4533 1.1418, -4.5984 -3.6141 1.0822, -4.5984 -3.6045 1.1603, 4.5984 -3.6045 1.1603, 4.5984 -3.6141 1.0822
            ]
        }
        coordIndex [
            0,1,2,-1,3,4,5,-1,6,7,8,-1,9,10,11,-1,12,13,14,-1,15,16,17,-1,18,19,20,-1,20,19,21,-1,20,21,22,-1,23,24,21,-1,21,24,25,-1,21,25,26,-1,26,27,21,-1,21,27,28,-1,21,28,22,-1,29,30,31,-1,31,30,32,-1,31,32,23,-1,29,31,33,-1,33,31,34,-1,33,34,35,-1,35,34,36,-1,35,36,37,-1,17,16,36,-1,36,16,38,-1,36,38,39,-1,36,40,37,-1,37,40,41,-1,37,41,42,-1,42,41,43,-1,42,43,44,-1,39,45,36,-1,36,45,46,-1,36,46,40,-1,47,48,17,-1,17,48,49,-1,17,49,15,-1,50,51,52,-1,51,53,52,-1,52,53,54,-1,52,54,47,-1,47,54,55,-1,47,55,48,-1,50,52,56,-1,56,52,57,-1,56,57,58,-1,13,59,52,-1,59,60,52,-1,52,60,61,-1,52,61,57,-1,62,63,64,-1,65,12,66,-1,64,63,66,-1,66,63,67,-1,66,67,65,-1,68,69,70,-1,70,69,71,-1,71,72,70,-1,70,72,73,-1,70,73,62,-1,74,75,76,-1,77,78,79,-1,80,81,82,-1,77,79,83,-1,78,84,79,-1,79,84,85,-1,79,85,86,-1,74,76,82,-1,82,76,87,-1,82,87,80,-1,88,89,90,-1,90,89,91,-1,90,91,79,-1,79,91,92,-1,79,92,83,-1,93,94,68,-1,68,94,95,-1,68,95,96,-1,96,97,68,-1,68,97,98,-1,68,98,99,-1,99,98,88,-1,99,88,100,-1,100,88,90,-1,101,102,79,-1,79,102,103,-1,79,103,104,-1,81,105,82,-1,82,105,106,-1,82,106,68,-1,68,106,107,-1,68,107,93,-1,86,108,79,-1,79,108,109,-1,79,109,110,-1,110,111,79,-1,79,111,112,-1,79,112,101,-1,113,114,115,-1,115,116,117,-1,117,116,104,-1,117,104,118,-1,103,119,104,-1,104,119,120,-1,104,120,121,-1,122,123,124,-1,124,123,125,-1,124,125,126,-1,127,128,104,-1,104,128,129,-1,104,129,118,-1,121,130,104,-1,104,130,131,-1,104,131,127,-1,115,114,116,-1,116,114,132,-1,116,132,11,-1,11,132,133,-1,11,133,9,-1,126,134,124,-1,124,134,135,-1,124,135,136,-1,136,135,137,-1,138,139,135,-1,135,139,140,-1,135,140,137,-1,138,141,139,-1,139,141,142,-1,139,142,143,-1,144,145,146,-1,145,147,146,-1,146,147,148,-1,146,148,149,-1,122,146,150,-1,124,113,122,-1,122,113,115,-1,122,115,146,-1,146,115,151,-1,146,151,144,-1,150,152,122,-1,122,152,153,-1,122,153,154,-1,149,148,155,-1,155,148,156,-1,155,156,157,-1,157,156,158,-1,157,158,159,-1,160,161,154,-1,154,161,162,-1,154,162,122,-1,18,163,19,-1,19,163,164,-1,19,164,74,-1,74,164,165,-1,74,165,75,-1,166,167,168,-1,169,170,171,-1,171,166,169,-1,169,166,168,-1,169,168,172,-1,172,168,173,-1,172,173,174,-1,174,173,175,-1,174,175,176,-1,177,178,179,-1,179,178,180,-1,179,180,181,-1,182,183,167,-1,167,183,184,-1,167,184,185,-1,181,186,179,-1,179,186,187,-1,179,187,167,-1,167,187,188,-1,167,188,182,-1,189,190,191,-1,185,192,167,-1,167,192,193,-1,167,193,168,-1,168,193,194,-1,168,194,191,-1,191,194,195,-1,191,195,189,-1,189,196,190,-1,190,196,197,-1,190,197,198,-1,175,199,176,-1,176,199,190,-1,176,190,200,-1,200,190,198,-1,200,198,179,-1,179,198,201,-1,179,201,177,-1,202,203,204,-1,204,203,205,-1,204,205,206,-1,206,205,207,-1,206,207,208,-1,209,210,211,-1,211,210,205,-1,211,205,212,-1,212,205,203,-1,212,203,213,-1,213,203,214,-1,215,19,216,-1,216,19,74,-1,216,74,208,-1,208,74,82,-1,208,82,206,-1,202,204,217,-1,217,204,218,-1,217,218,215,-1,219,220,221,-1,221,220,190,-1,221,190,222,-1,222,190,199,-1,222,199,223,-1,223,199,224,-1,223,224,225,-1,220,226,190,-1,190,226,227,-1,190,227,228,-1,228,227,229,-1,228,229,230,-1,230,229,231,-1,230,231,225,-1,225,231,232,-1,225,232,223,-1,233,234,235,-1,235,234,236,-1,237,238,239,-1,239,238,240,-1,233,235,241,-1,241,235,242,-1,241,242,243,-1,243,242,244,-1,243,244,245,-1,244,246,245,-1,245,246,247,-1,245,247,248,-1,249,250,251,-1,239,244,237,-1,237,244,242,-1,237,242,252,-1,252,242,253,-1,252,253,251,-1,251,253,254,-1,251,254,249,-1,240,238,255,-1,255,238,256,-1,255,256,249,-1,257,258,256,-1,256,258,259,-1,256,259,260,-1,261,262,250,-1,262,263,250,-1,250,263,264,-1,250,264,265,-1,261,266,267,-1,261,268,269,-1,269,268,270,-1,267,271,261,-1,261,271,272,-1,261,272,268,-1,273,274,261,-1,261,274,275,-1,261,275,276,-1,277,278,279,-1,280,281,268,-1,268,281,282,-1,268,282,270,-1,249,256,250,-1,250,256,260,-1,250,260,261,-1,261,260,283,-1,261,283,273,-1,276,284,261,-1,261,284,285,-1,261,285,266,-1,277,279,268,-1,268,279,286,-1,268,286,280,-1,287,288,289,-1,289,288,290,-1,289,290,257,-1,291,292,293,-1,293,292,294,-1,295,296,292,-1,292,296,297,-1,292,297,294,-1,298,299,292,-1,292,299,300,-1,292,300,295,-1,301,302,218,-1,218,302,303,-1,218,303,298,-1,298,303,304,-1,298,304,299,-1,305,306,307,-1,306,308,307,-1,307,308,309,-1,307,309,310,-1,305,307,311,-1,311,307,312,-1,311,312,313,-1,313,312,314,-1,314,312,315,-1,314,315,265,-1,14,316,317,-1,12,14,66,-1,66,14,317,-1,66,317,318,-1,319,320,321,-1,322,66,323,-1,323,66,318,-1,323,318,321,-1,321,318,324,-1,321,324,319,-1,319,324,325,-1,13,52,14,-1,14,52,326,-1,14,326,316,-1,327,328,47,-1,47,328,329,-1,330,331,332,-1,332,331,333,-1,332,333,334,-1,334,335,332,-1,332,335,336,-1,332,336,337,-1,329,338,47,-1,47,338,339,-1,47,339,52,-1,52,339,340,-1,52,340,326,-1,324,341,325,-1,325,341,342,-1,325,342,330,-1,330,342,343,-1,330,343,331,-1,344,345,346,-1,6,8,347,-1,348,349,350,-1,351,347,352,-1,352,347,8,-1,352,8,350,-1,350,8,344,-1,350,344,348,-1,344,346,348,-1,348,346,353,-1,348,353,354,-1,354,353,355,-1,354,355,356,-1,356,355,357,-1,356,357,358,-1,358,357,359,-1,358,359,360,-1,62,64,70,-1,70,64,361,-1,70,361,362,-1,362,361,363,-1,362,363,364,-1,364,363,365,-1,364,365,366,-1,367,368,228,-1,228,368,369,-1,370,371,230,-1,230,371,372,-1,373,374,375,-1,375,374,228,-1,375,228,376,-1,376,228,369,-1,372,377,230,-1,230,377,378,-1,230,378,379,-1,379,380,230,-1,230,380,381,-1,230,381,228,-1,228,381,382,-1,228,382,367,-1,237,383,370,-1,370,383,384,-1,370,384,371,-1,373,385,374,-1,374,385,386,-1,374,386,252,-1,252,386,387,-1,252,387,237,-1,237,387,388,-1,237,388,383,-1,389,390,391,-1,389,391,392,-1,393,394,395,-1,395,396,397,-1,398,399,400,-1,400,399,401,-1,400,401,402,-1,402,401,403,-1,404,405,403,-1,403,405,406,-1,403,406,402,-1,394,407,395,-1,395,407,408,-1,395,408,396,-1,409,410,391,-1,391,410,411,-1,391,411,392,-1,400,412,312,-1,312,412,413,-1,312,413,414,-1,415,416,417,-1,417,416,418,-1,417,418,419,-1,419,418,420,-1,419,420,421,-1,397,422,395,-1,395,422,423,-1,395,423,312,-1,312,423,424,-1,312,424,400,-1,400,424,425,-1,400,425,398,-1,426,427,428,-1,428,427,429,-1,428,429,430,-1,431,432,433,-1,433,432,434,-1,433,434,421,-1,421,434,435,-1,421,435,419,-1,436,437,403,-1,403,437,438,-1,403,438,439,-1,414,440,312,-1,312,440,441,-1,312,441,415,-1,439,442,403,-1,403,442,443,-1,403,443,404,-1,390,444,366,-1,366,444,364,-1,364,444,445,-1,364,445,446,-1,426,431,427,-1,427,431,433,-1,427,433,447,-1,447,433,448,-1,447,448,449,-1,449,448,450,-1,449,450,451,-1,451,450,452,-1,453,454,366,-1,454,452,366,-1,366,452,450,-1,366,450,390,-1,390,450,448,-1,390,448,391,-1,365,360,366,-1,366,360,359,-1,366,359,453,-1,453,359,455,-1,453,455,456,-1,457,458,459,-1,460,461,459,-1,462,463,315,-1,455,464,465,-1,415,417,312,-1,312,417,466,-1,312,466,315,-1,315,466,467,-1,315,467,462,-1,468,469,455,-1,455,469,470,-1,455,470,464,-1,463,471,315,-1,315,471,472,-1,315,472,457,-1,457,472,473,-1,457,473,458,-1,465,474,455,-1,455,474,475,-1,455,475,456,-1,476,477,478,-1,478,477,479,-1,478,479,480,-1,478,481,476,-1,476,481,482,-1,476,482,483,-1,483,484,476,-1,476,484,485,-1,476,485,486,-1,486,485,487,-1,486,487,488,-1,488,487,489,-1,488,489,459,-1,459,489,490,-1,459,490,460,-1,491,492,480,-1,480,492,493,-1,480,493,478,-1,494,495,430,-1,430,495,496,-1,430,496,428,-1,494,497,495,-1,495,497,498,-1,495,498,499,-1,499,498,500,-1,499,501,502,-1,500,503,499,-1,499,503,504,-1,499,504,505,-1,505,506,499,-1,499,506,507,-1,499,507,501,-1,502,508,499,-1,499,508,509,-1,499,509,510,-1,511,512,513,-1,514,515,516,-1,516,515,517,-1,516,517,518,-1,518,517,511,-1,518,511,519,-1,519,511,513,-1,520,521,455,-1,461,468,459,-1,459,468,455,-1,459,455,457,-1,457,455,521,-1,457,521,515,-1,515,521,522,-1,515,522,517,-1,523,524,520,-1,525,526,527,-1,527,526,528,-1,527,528,523,-1,523,520,527,-1,527,520,455,-1,527,455,529,-1,529,455,359,-1,529,359,530,-1,529,531,527,-1,527,531,532,-1,527,532,533,-1,534,535,357,-1,357,535,536,-1,357,536,359,-1,359,536,537,-1,359,537,530,-1,533,538,527,-1,527,538,539,-1,527,539,525,-1,540,541,355,-1,540,355,4,-1,541,542,355,-1,355,542,543,-1,355,543,357,-1,357,543,544,-1,357,544,534,-1,545,546,547,-1,547,546,548,-1,549,550,191,-1,191,550,168,-1,168,550,551,-1,168,551,552,-1,545,547,553,-1,553,547,550,-1,553,550,554,-1,554,550,549,-1,554,549,555,-1,549,556,555,-1,555,556,557,-1,555,557,558,-1,559,560,514,-1,514,560,561,-1,551,562,552,-1,552,562,559,-1,552,559,5,-1,5,559,514,-1,5,514,3,-1,3,514,516,-1,257,256,289,-1,289,256,238,-1,289,238,563,-1,563,238,237,-1,563,237,564,-1,564,237,370,-1,564,370,565,-1,565,370,230,-1,565,230,566,-1,566,230,225,-1,566,225,567,-1,567,225,224,-1,567,224,568,-1,23,21,31,-1,31,21,298,-1,31,298,569,-1,569,298,292,-1,569,292,287,-1,287,292,291,-1,287,291,288,-1,215,218,19,-1,19,218,570,-1,19,570,21,-1,570,571,21,-1,21,571,0,-1,21,0,298,-1,298,0,2,-1,298,2,218,-1,218,2,572,-1,218,572,570,-1,265,315,250,-1,250,315,457,-1,250,457,251,-1,251,457,515,-1,251,515,252,-1,252,515,514,-1,252,514,374,-1,374,514,561,-1,374,561,228,-1,228,561,573,-1,228,573,190,-1,190,573,574,-1,190,574,191,-1,191,574,575,-1,191,575,549,-1,34,576,36,-1,36,576,577,-1,36,577,17,-1,17,577,578,-1,17,578,47,-1,47,578,332,-1,47,332,327,-1,327,332,337,-1,310,301,307,-1,307,301,218,-1,307,218,312,-1,312,218,204,-1,312,204,395,-1,395,204,206,-1,4,355,5,-1,5,355,353,-1,5,353,552,-1,552,353,346,-1,552,346,168,-1,168,346,345,-1,168,345,173,-1,68,70,82,-1,82,70,362,-1,82,362,206,-1,206,362,364,-1,206,364,395,-1,395,364,446,-1,395,446,393,-1,579,580,581,-1,581,580,582,-1,583,584,585,-1,585,584,586,-1,587,588,589,-1,589,588,590,-1,591,592,593,-1,593,592,594,-1,321,595,323,-1,323,595,596,-1,319,597,320,-1,320,597,598,-1,599,347,600,-1,600,347,351,-1,601,602,603,-1,603,602,604,-1,605,606,607,-1,608,604,609,-1,608,609,610,-1,611,612,613,-1,614,615,607,-1,607,615,616,-1,607,616,605,-1,617,618,619,-1,619,618,620,-1,619,620,621,-1,621,620,622,-1,621,622,623,-1,624,625,626,-1,626,625,627,-1,626,627,609,-1,609,627,628,-1,609,628,610,-1,615,609,616,-1,616,609,604,-1,616,604,629,-1,629,604,602,-1,629,602,630,-1,630,602,631,-1,630,631,632,-1,632,631,633,-1,632,633,634,-1,634,633,635,-1,634,635,636,-1,613,637,611,-1,611,637,638,-1,611,638,639,-1,614,607,640,-1,640,607,641,-1,640,641,642,-1,643,644,645,-1,612,646,647,-1,647,648,612,-1,612,648,649,-1,612,649,650,-1,623,651,621,-1,621,651,652,-1,621,652,653,-1,636,635,645,-1,645,635,654,-1,645,654,643,-1,653,624,621,-1,621,624,626,-1,621,626,612,-1,612,626,655,-1,612,655,646,-1,614,656,615,-1,615,656,657,-1,615,657,658,-1,658,659,615,-1,615,659,660,-1,615,660,661,-1,650,662,612,-1,612,662,663,-1,612,663,664,-1,644,665,645,-1,645,665,666,-1,645,666,664,-1,664,666,667,-1,664,667,612,-1,612,667,668,-1,612,668,613,-1,669,670,671,-1,672,601,603,-1,673,674,675,-1,671,676,669,-1,669,676,677,-1,669,677,678,-1,674,679,675,-1,675,679,680,-1,675,680,670,-1,681,682,683,-1,683,682,684,-1,683,684,685,-1,685,684,686,-1,687,688,682,-1,689,690,691,-1,691,690,692,-1,693,603,675,-1,675,603,694,-1,675,694,673,-1,680,695,670,-1,670,695,696,-1,670,696,697,-1,687,682,698,-1,688,699,682,-1,682,699,700,-1,682,700,701,-1,702,703,704,-1,704,703,705,-1,692,706,691,-1,691,706,705,-1,691,705,707,-1,707,705,703,-1,697,708,670,-1,670,708,709,-1,670,709,671,-1,701,710,682,-1,682,710,711,-1,682,711,670,-1,670,711,689,-1,670,689,675,-1,675,689,691,-1,712,690,713,-1,713,690,714,-1,712,715,690,-1,690,715,716,-1,690,716,692,-1,717,718,719,-1,719,718,720,-1,719,720,721,-1,721,720,722,-1,721,722,723,-1,722,724,723,-1,723,724,725,-1,723,725,693,-1,693,725,726,-1,693,726,603,-1,603,726,727,-1,603,727,672,-1,681,728,682,-1,682,728,729,-1,682,729,718,-1,717,730,718,-1,718,730,731,-1,718,731,682,-1,682,731,732,-1,682,732,698,-1,621,670,619,-1,619,670,669,-1,682,612,684,-1,684,612,611,-1,733,734,735,-1,735,734,736,-1,737,738,739,-1,739,738,740,-1,741,736,734,-1,741,734,742,-1,743,744,739,-1,739,744,745,-1,739,745,737,-1,737,745,746,-1,737,746,747,-1,748,749,750,-1,750,749,737,-1,748,751,749,-1,749,751,752,-1,749,752,734,-1,734,752,753,-1,734,753,742,-1,747,754,737,-1,737,754,755,-1,737,755,750,-1,756,757,758,-1,740,738,759,-1,756,758,760,-1,759,761,740,-1,740,761,762,-1,740,762,763,-1,760,758,764,-1,764,758,733,-1,764,733,735,-1,757,765,758,-1,758,765,766,-1,758,766,738,-1,738,766,767,-1,738,767,768,-1,768,769,738,-1,738,769,770,-1,738,770,759,-1,771,772,773,-1,773,772,774,-1,775,776,774,-1,772,777,778,-1,779,780,781,-1,781,780,782,-1,781,782,783,-1,783,782,784,-1,783,784,785,-1,778,786,772,-1,772,786,787,-1,772,787,774,-1,774,787,788,-1,774,788,775,-1,785,789,783,-1,783,789,790,-1,783,790,772,-1,772,790,791,-1,772,791,777,-1,792,793,794,-1,771,795,796,-1,797,798,773,-1,773,798,799,-1,773,799,771,-1,771,799,800,-1,771,800,795,-1,801,802,803,-1,803,802,804,-1,803,804,794,-1,794,804,805,-1,794,805,792,-1,796,806,771,-1,771,806,807,-1,771,807,803,-1,803,807,808,-1,803,808,801,-1,781,794,779,-1,779,794,793,-1,809,810,8,-1,8,810,811,-1,8,811,812,-1,812,813,8,-1,8,813,814,-1,8,814,344,-1,6,815,7,-1,7,815,816,-1,7,816,817,-1,817,818,7,-1,7,818,819,-1,7,819,820,-1,821,599,822,-1,822,599,600,-1,598,597,595,-1,595,597,823,-1,809,820,821,-1,824,825,823,-1,825,826,823,-1,823,826,827,-1,823,827,828,-1,828,829,823,-1,823,829,830,-1,823,830,595,-1,595,830,831,-1,595,831,596,-1,596,831,832,-1,596,832,833,-1,833,832,834,-1,835,836,837,-1,837,836,838,-1,837,838,839,-1,821,822,809,-1,809,822,837,-1,809,837,840,-1,840,837,839,-1,840,839,841,-1,841,839,842,-1,841,842,823,-1,823,842,843,-1,823,843,824,-1,834,832,837,-1,837,832,844,-1,837,844,835,-1,823,576,841,-1,841,576,568,-1,820,809,7,-1,7,809,8,-1,597,319,845,-1,845,319,846,-1,845,846,847,-1,847,846,848,-1,847,848,849,-1,849,848,850,-1,849,850,851,-1,851,850,852,-1,851,852,853,-1,853,852,854,-1,853,854,682,-1,682,854,612,-1,670,621,855,-1,855,621,856,-1,855,856,857,-1,857,856,858,-1,857,858,859,-1,859,858,860,-1,859,860,861,-1,861,860,862,-1,861,862,863,-1,863,862,864,-1,863,864,823,-1,823,864,576,-1,319,576,864,-1,319,864,846,-1,846,864,862,-1,846,862,848,-1,848,862,860,-1,848,860,850,-1,850,860,858,-1,850,858,852,-1,852,858,856,-1,852,856,854,-1,854,856,621,-1,854,621,612,-1,682,670,853,-1,853,670,855,-1,853,855,851,-1,851,855,857,-1,851,857,849,-1,849,857,859,-1,849,859,847,-1,847,859,861,-1,847,861,845,-1,845,861,863,-1,845,863,597,-1,597,863,823,-1,820,749,758,-1,758,865,820,-1,820,865,866,-1,820,866,867,-1,867,868,820,-1,820,868,869,-1,820,869,821,-1,738,737,870,-1,870,737,871,-1,870,871,872,-1,872,871,873,-1,872,873,874,-1,874,873,875,-1,874,875,876,-1,876,875,877,-1,876,877,878,-1,878,877,879,-1,878,879,599,-1,599,879,347,-1,6,347,879,-1,6,879,815,-1,815,879,877,-1,815,877,816,-1,816,877,875,-1,816,875,817,-1,817,875,873,-1,817,873,818,-1,818,873,871,-1,818,871,819,-1,737,749,871,-1,871,749,820,-1,871,820,819,-1,758,738,865,-1,865,738,870,-1,865,870,866,-1,866,870,872,-1,866,872,867,-1,867,872,874,-1,867,874,868,-1,868,874,876,-1,868,876,869,-1,869,876,878,-1,869,878,821,-1,821,878,599,-1,734,733,749,-1,749,733,758,-1,841,568,880,-1,880,568,881,-1,880,881,882,-1,882,881,883,-1,882,883,884,-1,884,883,885,-1,884,885,886,-1,886,885,887,-1,886,887,888,-1,888,887,889,-1,888,889,771,-1,771,889,772,-1,803,783,890,-1,890,783,809,-1,890,809,891,-1,891,809,892,-1,840,893,809,-1,809,893,894,-1,809,894,892,-1,783,772,809,-1,809,772,889,-1,809,889,810,-1,810,889,887,-1,810,887,811,-1,811,887,885,-1,811,885,812,-1,812,885,883,-1,812,883,813,-1,813,883,881,-1,813,881,814,-1,814,881,568,-1,814,568,344,-1,771,803,888,-1,888,803,890,-1,888,890,886,-1,886,890,891,-1,886,891,884,-1,884,891,892,-1,884,892,882,-1,882,892,894,-1,882,894,880,-1,880,894,893,-1,880,893,841,-1,841,893,840,-1,794,781,803,-1,803,781,783,-1,776,775,797,-1,797,775,798,-1,780,792,782,-1,782,792,805,-1,782,805,784,-1,784,805,804,-1,784,804,785,-1,785,804,802,-1,785,802,789,-1,789,802,801,-1,789,801,790,-1,790,801,808,-1,790,808,791,-1,791,808,807,-1,791,807,777,-1,777,807,806,-1,777,806,778,-1,778,806,796,-1,778,796,786,-1,786,796,795,-1,786,795,787,-1,787,795,800,-1,787,800,788,-1,788,800,799,-1,788,799,775,-1,775,799,798,-1,780,779,792,-1,792,779,793,-1,736,741,735,-1,735,741,764,-1,744,762,745,-1,745,762,761,-1,745,761,746,-1,746,761,759,-1,746,759,747,-1,747,759,770,-1,747,770,754,-1,754,770,769,-1,754,769,755,-1,755,769,768,-1,755,768,750,-1,750,768,767,-1,750,767,748,-1,748,767,766,-1,748,766,751,-1,751,766,765,-1,751,765,752,-1,752,765,757,-1,752,757,753,-1,753,757,756,-1,753,756,742,-1,742,756,760,-1,742,760,741,-1,741,760,764,-1,744,743,762,-1,762,743,763,-1,601,672,602,-1,602,672,631,-1,639,638,686,-1,686,638,685,-1,631,672,633,-1,633,672,727,-1,633,727,635,-1,635,727,726,-1,635,726,654,-1,654,726,725,-1,654,725,643,-1,643,725,724,-1,643,724,644,-1,644,724,722,-1,644,722,665,-1,665,722,720,-1,665,720,666,-1,666,720,718,-1,666,718,667,-1,667,718,729,-1,667,729,668,-1,668,729,728,-1,668,728,613,-1,613,728,681,-1,613,681,637,-1,637,681,683,-1,637,683,638,-1,638,683,685,-1,604,608,603,-1,603,608,694,-1,618,677,620,-1,620,677,676,-1,620,676,622,-1,622,676,671,-1,622,671,623,-1,623,671,709,-1,623,709,651,-1,651,709,708,-1,651,708,652,-1,652,708,697,-1,652,697,653,-1,653,697,696,-1,653,696,624,-1,624,696,695,-1,624,695,625,-1,625,695,680,-1,625,680,627,-1,627,680,679,-1,627,679,628,-1,628,679,674,-1,628,674,610,-1,610,674,673,-1,610,673,608,-1,608,673,694,-1,618,617,677,-1,677,617,678,-1,776,797,895,-1,895,797,896,-1,895,896,897,-1,897,896,898,-1,897,898,899,-1,899,898,900,-1,899,900,901,-1,901,900,902,-1,901,902,903,-1,903,902,904,-1,903,904,905,-1,905,904,906,-1,907,908,909,-1,909,908,910,-1,909,910,911,-1,911,910,912,-1,911,912,913,-1,913,912,914,-1,913,914,915,-1,915,914,916,-1,915,916,917,-1,917,916,918,-1,917,918,774,-1,774,918,773,-1,797,773,918,-1,797,918,896,-1,896,918,916,-1,896,916,898,-1,898,916,914,-1,898,914,900,-1,900,914,912,-1,900,912,902,-1,902,912,910,-1,902,910,904,-1,904,910,908,-1,904,908,906,-1,905,907,903,-1,903,907,909,-1,903,909,901,-1,901,909,911,-1,901,911,899,-1,899,911,913,-1,899,913,897,-1,897,913,915,-1,897,915,895,-1,895,915,917,-1,895,917,776,-1,776,917,774,-1,582,580,906,-1,906,580,905,-1,919,920,907,-1,907,920,908,-1,581,582,921,-1,921,582,906,-1,920,922,908,-1,908,922,923,-1,923,924,908,-1,908,924,925,-1,908,925,906,-1,906,925,926,-1,906,926,921,-1,580,579,905,-1,905,579,927,-1,927,928,905,-1,905,928,929,-1,905,929,907,-1,930,919,931,-1,931,919,907,-1,931,907,932,-1,932,907,929,-1,922,920,930,-1,930,920,919,-1,739,740,933,-1,933,740,934,-1,933,934,935,-1,935,934,936,-1,935,936,937,-1,937,936,938,-1,937,938,939,-1,939,938,940,-1,939,940,941,-1,941,940,942,-1,941,942,943,-1,943,942,944,-1,945,946,947,-1,947,946,948,-1,947,948,949,-1,949,948,950,-1,949,950,951,-1,951,950,952,-1,951,952,953,-1,953,952,954,-1,953,954,955,-1,955,954,956,-1,955,956,743,-1,743,956,763,-1,740,763,956,-1,740,956,934,-1,934,956,954,-1,934,954,936,-1,936,954,952,-1,936,952,938,-1,938,952,950,-1,938,950,940,-1,940,950,948,-1,940,948,942,-1,942,948,946,-1,942,946,944,-1,943,945,941,-1,941,945,947,-1,941,947,939,-1,939,947,949,-1,939,949,937,-1,937,949,951,-1,937,951,935,-1,935,951,953,-1,935,953,933,-1,933,953,955,-1,933,955,739,-1,739,955,743,-1,586,584,944,-1,944,584,943,-1,957,958,945,-1,945,958,946,-1,958,959,946,-1,946,959,960,-1,585,586,961,-1,961,586,944,-1,960,962,946,-1,946,962,963,-1,946,963,944,-1,944,963,964,-1,944,964,961,-1,584,583,943,-1,943,583,965,-1,965,966,943,-1,943,966,967,-1,943,967,945,-1,968,957,969,-1,969,957,945,-1,969,945,970,-1,970,945,967,-1,959,958,968,-1,968,958,957,-1,639,686,971,-1,971,686,972,-1,971,972,973,-1,973,972,974,-1,973,974,975,-1,975,974,976,-1,975,976,977,-1,977,976,978,-1,977,978,979,-1,979,978,980,-1,979,980,981,-1,981,980,982,-1,981,982,983,-1,983,982,984,-1,985,986,987,-1,987,986,988,-1,987,988,989,-1,989,988,990,-1,989,990,991,-1,991,990,992,-1,991,992,993,-1,993,992,994,-1,993,994,995,-1,995,994,996,-1,995,996,997,-1,997,996,998,-1,997,998,611,-1,611,998,684,-1,686,684,998,-1,686,998,972,-1,972,998,996,-1,972,996,974,-1,974,996,994,-1,974,994,976,-1,976,994,992,-1,976,992,978,-1,978,992,990,-1,978,990,980,-1,980,990,988,-1,980,988,982,-1,982,988,986,-1,982,986,984,-1,983,985,981,-1,981,985,987,-1,981,987,979,-1,979,987,989,-1,979,989,977,-1,977,989,991,-1,977,991,975,-1,975,991,993,-1,975,993,973,-1,973,993,995,-1,973,995,971,-1,971,995,997,-1,971,997,639,-1,639,997,611,-1,590,588,984,-1,984,588,983,-1,999,1000,985,-1,985,1000,986,-1,1000,1001,986,-1,986,1001,1002,-1,1002,1003,986,-1,986,1003,1004,-1,986,1004,984,-1,589,590,1005,-1,1005,590,984,-1,1005,984,1006,-1,1006,984,1004,-1,1007,999,1008,-1,1008,999,985,-1,588,587,983,-1,983,587,1009,-1,1009,1010,983,-1,983,1010,1011,-1,983,1011,985,-1,985,1011,1012,-1,985,1012,1008,-1,1001,1000,1007,-1,1007,1000,999,-1,619,669,1013,-1,1013,669,1014,-1,1013,1014,1015,-1,1015,1014,1016,-1,1015,1016,1017,-1,1017,1016,1018,-1,1017,1018,1019,-1,1019,1018,1020,-1,1019,1020,1021,-1,1021,1020,1022,-1,1021,1022,1023,-1,1023,1022,1024,-1,1023,1024,1025,-1,1025,1024,1026,-1,1027,1028,1029,-1,1029,1028,1030,-1,1029,1030,1031,-1,1031,1030,1032,-1,1031,1032,1033,-1,1033,1032,1034,-1,1033,1034,1035,-1,1035,1034,1036,-1,1035,1036,1037,-1,1037,1036,1038,-1,1037,1038,1039,-1,1039,1038,1040,-1,1039,1040,617,-1,617,1040,678,-1,669,678,1040,-1,669,1040,1014,-1,1014,1040,1038,-1,1014,1038,1016,-1,1016,1038,1036,-1,1016,1036,1018,-1,1018,1036,1034,-1,1018,1034,1020,-1,1020,1034,1032,-1,1020,1032,1022,-1,1022,1032,1030,-1,1022,1030,1024,-1,1024,1030,1028,-1,1024,1028,1026,-1,1025,1027,1023,-1,1023,1027,1029,-1,1023,1029,1021,-1,1021,1029,1031,-1,1021,1031,1019,-1,1019,1031,1033,-1,1019,1033,1017,-1,1017,1033,1035,-1,1017,1035,1015,-1,1015,1035,1037,-1,1015,1037,1013,-1,1013,1037,1039,-1,1013,1039,619,-1,619,1039,617,-1,594,592,1026,-1,1026,592,1025,-1,1041,1042,1027,-1,1027,1042,1028,-1,1042,1043,1028,-1,1028,1043,1044,-1,593,594,1045,-1,1045,594,1026,-1,1044,1046,1028,-1,1028,1046,1047,-1,1028,1047,1026,-1,1026,1047,1048,-1,1026,1048,1045,-1,592,591,1025,-1,1025,591,1049,-1,1050,1041,1051,-1,1051,1041,1027,-1,1049,1052,1025,-1,1025,1052,1053,-1,1025,1053,1027,-1,1027,1053,1054,-1,1027,1054,1051,-1,1043,1042,1050,-1,1050,1042,1041,-1,711,710,626,-1,626,710,655,-1,698,662,687,-1,687,662,650,-1,687,650,688,-1,688,650,649,-1,688,649,699,-1,699,649,648,-1,699,648,700,-1,700,648,647,-1,700,647,701,-1,701,647,646,-1,701,646,710,-1,710,646,655,-1,698,732,662,-1,662,732,663,-1,723,630,721,-1,721,630,632,-1,721,632,719,-1,719,632,634,-1,719,634,717,-1,717,634,636,-1,717,636,730,-1,730,636,645,-1,730,645,731,-1,731,645,664,-1,731,664,732,-1,732,664,663,-1,723,693,630,-1,630,693,629,-1,693,675,629,-1,629,675,616,-1,675,691,616,-1,616,691,605,-1,706,614,640,-1,706,640,705,-1,705,640,642,-1,705,642,704,-1,704,642,641,-1,704,641,702,-1,702,641,607,-1,702,607,703,-1,703,607,606,-1,703,606,707,-1,707,606,605,-1,707,605,691,-1,706,692,614,-1,614,692,656,-1,690,615,661,-1,690,661,714,-1,714,661,660,-1,714,660,713,-1,713,660,659,-1,713,659,712,-1,712,659,658,-1,712,658,715,-1,715,658,657,-1,715,657,716,-1,716,657,656,-1,716,656,692,-1,690,689,615,-1,615,689,609,-1,689,711,609,-1,609,711,626,-1,844,832,317,-1,317,832,318,-1,832,831,318,-1,318,831,324,-1,831,830,324,-1,324,830,341,-1,824,337,825,-1,825,337,336,-1,825,336,826,-1,826,336,335,-1,826,335,827,-1,827,335,334,-1,827,334,828,-1,828,334,333,-1,828,333,829,-1,829,333,343,-1,829,343,830,-1,830,343,341,-1,824,843,337,-1,337,843,327,-1,844,317,835,-1,835,317,326,-1,835,326,836,-1,836,326,339,-1,836,339,838,-1,838,339,338,-1,838,338,839,-1,839,338,329,-1,839,329,842,-1,842,329,328,-1,842,328,843,-1,843,328,327,-1,352,822,351,-1,351,822,600,-1,595,321,598,-1,598,321,320,-1,822,352,837,-1,837,352,350,-1,596,833,323,-1,323,833,322,-1,834,837,349,-1,349,837,350,-1,322,833,1055,-1,1055,833,1056,-1,1057,834,1058,-1,1058,834,349,-1,834,1057,833,-1,833,1057,1056,-1,1055,1058,322,-1,322,1058,349,-1,1059,1060,1056,-1,1056,1060,1055,-1,1061,1062,1058,-1,1058,1062,1057,-1,1062,1059,1057,-1,1057,1059,1056,-1,1055,1060,1058,-1,1058,1060,1061,-1,1059,1062,1060,-1,1060,1062,1061,-1,1043,1050,1044,-1,1044,1050,1051,-1,1044,1051,1046,-1,1046,1051,1054,-1,1046,1054,1047,-1,1047,1054,1053,-1,1047,1053,1048,-1,1048,1053,1052,-1,1048,1052,1045,-1,1045,1052,1049,-1,1045,1049,593,-1,593,1049,591,-1,1001,1007,1002,-1,1002,1007,1008,-1,1002,1008,1003,-1,1003,1008,1012,-1,1003,1012,1004,-1,1004,1012,1011,-1,1004,1011,1006,-1,1006,1011,1010,-1,1006,1010,1005,-1,1005,1010,1009,-1,1005,1009,589,-1,589,1009,587,-1,959,968,960,-1,960,968,969,-1,960,969,962,-1,962,969,970,-1,962,970,963,-1,963,970,967,-1,963,967,964,-1,964,967,966,-1,964,966,961,-1,961,966,965,-1,961,965,585,-1,585,965,583,-1,922,930,923,-1,923,930,931,-1,923,931,924,-1,924,931,932,-1,924,932,925,-1,925,932,929,-1,925,929,926,-1,926,929,928,-1,926,928,921,-1,921,928,927,-1,921,927,581,-1,581,927,579,-1,
        ]
    }
}
Shape{
    appearance Appearance {
        material  Material 	{
            diffuseColor 0.0 0.0 0.0
            specularColor 0.0 0.0 0.0
            ambientIntensity 0.0
            transparency 0.0
            shininess 0.5
        }
    }
    geometry IndexedFaceSet {
        ccw TRUE
        solid FALSE
        coord DEF co Coordinate {
            point [
                -0.2529 2.2281 1.1457, -0.2529 2.2129 1.1457, -0.2529 2.2281 1.1417, -0.2529 2.2129 1.1417, -0.3061 2.2281 1.1457, -0.3061 2.2281 1.1417, -0.3061 2.3463 1.1457, -0.3061 2.3463 1.1417, -0.3233 2.3463 1.1457, -0.3233 2.3463 1.1417, -0.3233 2.2129 1.1457, -0.3233 2.2129 1.1417, -0.1845 2.2106 1.1457, -0.1845 2.2106 1.1417, -0.1642 2.2126 1.1457, -0.1727 2.2117 1.1417, -0.1642 2.2126 1.1417, -0.1498 2.2173 1.1417, -0.1498 2.2173 1.1457, -0.1476 2.2184 1.1417, -0.1476 2.2184 1.1457, -0.1476 2.2349 1.1457, -0.1476 2.2349 1.1417, -0.1609 2.2289 1.1417, -0.1609 2.2289 1.1457, -0.176 2.2262 1.1417, -0.176 2.2262 1.1457, -0.182 2.226 1.1417, -0.182 2.226 1.1457, -0.1945 2.2273 1.1417, -0.1945 2.2273 1.1457, -0.2042 2.2308 1.1417, -0.2042 2.2308 1.1457, -0.2131 2.2369 1.1417, -0.2131 2.2369 1.1457, -0.2163 2.24 1.1417, -0.2163 2.24 1.1457, -0.2231 2.2496 1.1417, -0.2231 2.2496 1.1457, -0.2273 2.2605 1.1417, -0.2273 2.2605 1.1457, -0.2294 2.2768 1.1417, -0.2294 2.2768 1.1457, -0.2294 2.2781 1.1417, -0.2294 2.2781 1.1457, -0.2275 2.2952 1.1417, -0.2275 2.2952 1.1457, -0.2232 2.307 1.1417, -0.2232 2.307 1.1457, -0.217 2.3164 1.1417, -0.217 2.3164 1.1457, -0.2154 2.3182 1.1417, -0.2154 2.3182 1.1457, -0.2068 2.3253 1.1417, -0.2068 2.3253 1.1457, -0.1964 2.3304 1.1417, -0.1964 2.3304 1.1457, -0.1849 2.3327 1.1417, -0.1849 2.3327 1.1457, -0.179 2.333 1.1417, -0.179 2.333 1.1457, -0.1629 2.3311 1.1417, -0.1629 2.3311 1.1457, -0.1493 2.326 1.1417, -0.1493 2.326 1.1457, -0.1476 2.3251 1.1417, -0.1476 2.3251 1.1457, -0.1476 2.3431 1.1457, -0.1476 2.3431 1.1417, -0.1792 2.3486 1.1417, -0.1792 2.3486 1.1457, -0.1779 2.3486 1.1457, -0.1607 2.347 1.1417, -0.1607 2.347 1.1457, -0.1655 2.3474 1.1417, -0.1779 2.3486 1.1417, -0.1966 2.3467 1.1457, -0.1896 2.3474 1.1417, -0.1966 2.3467 1.1417, -0.2108 2.3416 1.1417, -0.2108 2.3416 1.1457, -0.224 2.3328 1.1417, -0.224 2.3328 1.1457, -0.2282 2.3289 1.1417, -0.2282 2.3289 1.1457, -0.2377 2.3166 1.1417, -0.2415 2.3078 1.1417, -0.2441 2.3019 1.1457, -0.2377 2.3166 1.1457, -0.2441 2.3019 1.1417, -0.2472 2.2845 1.1417, -0.2472 2.2845 1.1457, -0.2475 2.2771 1.1417, -0.2475 2.2771 1.1457, -0.2456 2.2584 1.1417, -0.2415 2.2464 1.1417, -0.2406 2.2438 1.1457, -0.2456 2.2584 1.1457, -0.2406 2.2438 1.1417, -0.2331 2.232 1.1417, -0.2331 2.232 1.1457, -0.2303 2.2288 1.1417, -0.2303 2.2288 1.1457, -0.2065 2.2138 1.1417, -0.2192 2.2196 1.1457, -0.2192 2.2196 1.1417, -0.196 2.2117 1.1417, -0.1919 2.2109 1.1457, -0.2065 2.2138 1.1457, -0.1919 2.2109 1.1417, -0.0491 2.2281 1.1457, -0.0491 2.2129 1.1457, -0.0491 2.2281 1.1417, -0.0491 2.2129 1.1417, -0.1036 2.2281 1.1417, -0.1036 2.2281 1.1457, -0.0676 2.2281 1.1417, -0.1036 2.273 1.1457, -0.1036 2.273 1.1417, -0.0559 2.273 1.1457, -0.0676 2.273 1.1417, -0.0559 2.273 1.1417, -0.0559 2.2882 1.1457, -0.0559 2.2882 1.1417, -0.1036 2.2882 1.1417, -0.1036 2.2882 1.1457, -0.0676 2.2882 1.1417, -0.1036 2.331 1.1457, -0.1036 2.331 1.1417, -0.0521 2.331 1.1417, -0.0521 2.331 1.1457, -0.0676 2.331 1.1417, -0.0521 2.3463 1.1457, -0.0521 2.3463 1.1417, -0.1208 2.3463 1.1417, -0.1208 2.3463 1.1457, -0.0676 2.3463 1.1417, -0.1208 2.2129 1.1457, -0.1208 2.2129 1.1417, -0.0676 2.2129 1.1417, 0.056 2.3145 1.1457, 0.0702 2.3232 1.1457, 0.052 2.3184 1.1457, 0.0647 2.3286 1.1457, 0.0418 2.3251 1.1457, 0.0515 2.3378 1.1457, 0.0301 2.3292 1.1457, 0.0355 2.3438 1.1457, 0.0135 2.331 1.1457, 0.0142 2.3463 1.1457, -0.0066 2.331 1.1457, -0.0239 2.3463 1.1457, -0.0066 2.2281 1.1457, -0.0239 2.2129 1.1457, 0.0127 2.2281 1.1457, 0.0128 2.2129 1.1457, 0.0299 2.23 1.1457, 0.0319 2.2148 1.1457, 0.0413 2.2341 1.1457, 0.0478 2.2201 1.1457, 0.0501 2.2399 1.1457, 0.0611 2.2285 1.1457, 0.0524 2.242 1.1457, 0.0647 2.2316 1.1457, 0.0594 2.2508 1.1457, 0.0745 2.2433 1.1457, 0.0639 2.2608 1.1457, 0.0811 2.2571 1.1457, 0.0663 2.2732 1.1457, 0.0844 2.2727 1.1457, 0.0667 2.2808 1.1457, 0.0848 2.2813 1.1457, 0.0648 2.2971 1.1457, 0.0829 2.2983 1.1457, 0.0611 2.307 1.1457, 0.0782 2.3113 1.1457, 0.0128 2.2129 1.1417, -0.0239 2.2129 1.1417, 0.0319 2.2148 1.1417, 0.0373 2.2166 1.1417, 0.0478 2.2201 1.1417, 0.0611 2.2285 1.1417, 0.0647 2.2316 1.1417, 0.0745 2.2433 1.1417, 0.0811 2.2571 1.1417, 0.0844 2.2727 1.1417, 0.0848 2.2813 1.1417, 0.0829 2.2983 1.1417, 0.0782 2.3113 1.1417, 0.0702 2.3232 1.1417, 0.0647 2.3286 1.1417, 0.0142 2.3463 1.1417, 0.0515 2.3378 1.1417, 0.0373 2.3432 1.1417, 0.0355 2.3438 1.1417, -0.0239 2.3463 1.1417, 0.0135 2.331 1.1417, -0.0066 2.331 1.1417, -0.0066 2.2281 1.1417, 0.0127 2.2281 1.1417, 0.0524 2.242 1.1417, 0.0501 2.2399 1.1417, 0.0413 2.2341 1.1417, 0.0299 2.23 1.1417, 0.0667 2.2808 1.1417, 0.0663 2.2732 1.1417, 0.0639 2.2608 1.1417, 0.0594 2.2508 1.1417, 0.052 2.3184 1.1417, 0.056 2.3145 1.1417, 0.0611 2.307 1.1417, 0.0648 2.2971 1.1417, 0.0301 2.3292 1.1417, 0.0418 2.3251 1.1417
            ]
        }
        coordIndex [
            0,1,2,-1,2,1,3,-1,4,0,5,-1,5,0,2,-1,6,4,7,-1,7,4,5,-1,8,6,9,-1,9,6,7,-1,10,8,11,-1,11,8,9,-1,1,10,3,-1,3,10,11,-1,6,8,4,-1,4,8,10,-1,4,10,0,-1,0,10,1,-1,12,13,14,-1,14,13,15,-1,15,16,14,-1,14,16,17,-1,14,17,18,-1,18,17,19,-1,18,19,20,-1,21,20,22,-1,22,20,19,-1,21,22,23,-1,21,23,24,-1,24,23,25,-1,24,25,26,-1,26,25,27,-1,26,27,28,-1,28,27,29,-1,28,29,30,-1,30,29,31,-1,30,31,32,-1,32,31,33,-1,32,33,34,-1,34,33,35,-1,34,35,36,-1,36,35,37,-1,36,37,38,-1,38,37,39,-1,38,39,40,-1,40,39,41,-1,40,41,42,-1,42,41,43,-1,42,43,44,-1,44,43,45,-1,44,45,46,-1,46,45,47,-1,46,47,48,-1,48,47,49,-1,48,49,50,-1,50,49,51,-1,50,51,52,-1,52,51,53,-1,52,53,54,-1,54,53,55,-1,54,55,56,-1,56,55,57,-1,56,57,58,-1,58,57,59,-1,58,59,60,-1,60,59,61,-1,60,61,62,-1,62,61,63,-1,62,63,64,-1,64,63,65,-1,64,65,66,-1,67,66,68,-1,68,66,65,-1,69,70,71,-1,67,68,72,-1,67,72,73,-1,73,72,74,-1,73,74,71,-1,71,74,75,-1,71,75,69,-1,70,69,76,-1,76,69,77,-1,77,78,76,-1,76,78,79,-1,76,79,80,-1,80,79,81,-1,80,81,82,-1,82,81,83,-1,82,83,84,-1,84,83,85,-1,86,87,85,-1,85,87,88,-1,85,88,84,-1,86,89,87,-1,87,89,90,-1,87,90,91,-1,91,90,92,-1,91,92,93,-1,93,92,94,-1,95,96,94,-1,94,96,97,-1,94,97,93,-1,95,98,96,-1,96,98,99,-1,96,99,100,-1,100,99,101,-1,100,101,102,-1,103,104,105,-1,105,104,102,-1,105,102,101,-1,106,107,103,-1,103,107,108,-1,103,108,104,-1,106,109,107,-1,107,109,13,-1,107,13,12,-1,64,66,67,-1,38,40,97,-1,97,40,93,-1,64,67,62,-1,62,67,73,-1,62,73,60,-1,60,73,71,-1,60,71,58,-1,58,71,70,-1,58,70,56,-1,56,70,76,-1,56,76,54,-1,40,42,93,-1,93,42,44,-1,93,44,91,-1,91,44,46,-1,91,46,87,-1,84,52,82,-1,82,52,54,-1,82,54,80,-1,80,54,76,-1,97,96,38,-1,38,96,100,-1,38,100,36,-1,36,100,102,-1,36,102,34,-1,34,102,104,-1,34,104,32,-1,32,104,108,-1,32,108,30,-1,30,108,107,-1,30,107,28,-1,28,107,12,-1,28,12,26,-1,26,12,14,-1,26,14,24,-1,24,14,18,-1,24,18,21,-1,21,18,20,-1,87,46,88,-1,88,46,48,-1,88,48,84,-1,84,48,50,-1,84,50,52,-1,110,111,112,-1,112,111,113,-1,114,115,116,-1,116,115,110,-1,116,110,112,-1,117,115,118,-1,118,115,114,-1,117,118,119,-1,119,118,120,-1,119,120,121,-1,122,119,123,-1,123,119,121,-1,124,125,126,-1,126,125,122,-1,126,122,123,-1,127,125,128,-1,128,125,124,-1,129,130,131,-1,131,130,127,-1,131,127,128,-1,132,130,133,-1,133,130,129,-1,134,135,136,-1,136,135,132,-1,136,132,133,-1,137,135,138,-1,138,135,134,-1,113,111,139,-1,139,111,137,-1,139,137,138,-1,137,111,110,-1,110,115,137,-1,137,115,117,-1,137,117,135,-1,130,132,127,-1,127,132,135,-1,127,135,125,-1,125,135,117,-1,125,117,122,-1,122,117,119,-1,140,141,142,-1,142,141,143,-1,142,143,144,-1,144,143,145,-1,144,145,146,-1,146,145,147,-1,146,147,148,-1,148,147,149,-1,148,149,150,-1,150,149,151,-1,150,151,152,-1,152,151,153,-1,152,153,154,-1,154,153,155,-1,154,155,156,-1,156,155,157,-1,156,157,158,-1,158,157,159,-1,158,159,160,-1,160,159,161,-1,160,161,162,-1,162,161,163,-1,162,163,164,-1,164,163,165,-1,164,165,166,-1,166,165,167,-1,166,167,168,-1,168,167,169,-1,168,169,170,-1,170,169,171,-1,170,171,172,-1,172,171,173,-1,172,173,174,-1,174,173,175,-1,174,175,140,-1,140,175,141,-1,155,153,176,-1,176,153,177,-1,155,176,178,-1,155,178,157,-1,157,178,179,-1,157,179,159,-1,179,180,159,-1,159,180,181,-1,159,181,161,-1,161,181,182,-1,161,182,163,-1,163,182,183,-1,163,183,165,-1,165,183,184,-1,165,184,167,-1,167,184,185,-1,167,185,169,-1,169,185,186,-1,169,186,171,-1,171,186,187,-1,171,187,173,-1,173,187,188,-1,173,188,175,-1,175,188,189,-1,175,189,141,-1,141,189,190,-1,141,190,143,-1,191,149,147,-1,143,190,192,-1,143,192,145,-1,145,192,193,-1,145,193,147,-1,147,193,194,-1,147,194,191,-1,151,149,195,-1,195,149,191,-1,153,151,177,-1,177,151,195,-1,148,150,196,-1,196,150,197,-1,150,152,197,-1,197,152,198,-1,152,154,198,-1,198,154,199,-1,162,200,201,-1,162,201,160,-1,160,201,202,-1,160,202,158,-1,158,202,203,-1,158,203,156,-1,156,203,199,-1,156,199,154,-1,170,204,205,-1,170,205,168,-1,168,205,206,-1,168,206,166,-1,166,206,207,-1,166,207,164,-1,164,207,200,-1,164,200,162,-1,142,208,209,-1,142,209,140,-1,140,209,210,-1,140,210,174,-1,174,210,211,-1,174,211,172,-1,172,211,204,-1,172,204,170,-1,148,196,212,-1,148,212,146,-1,146,212,213,-1,146,213,144,-1,144,213,208,-1,144,208,142,-1,
        ]
    }
}
Shape{
    appearance Appearance {
        material  Material 	{
            diffuseColor 1.0 1.0 1.0
            specularColor 0.5019607843137255 0.5019607843137255 0.5019607843137255
            ambientIntensity 1.0
            transparency 0.0
            shininess 0.5
        }
    }
    geometry IndexedFaceSet {
        ccw TRUE
        solid FALSE
        coord DEF co Coordinate {
            point [
                -0.0066 2.331 1.1417, -0.0066 2.2281 1.1417, 0.0135 2.331 1.1417, 0.0127 2.2281 1.1417, 0.0501 2.2399 1.1417, 0.0524 2.242 1.1417, 0.0299 2.23 1.1417, 0.0413 2.2341 1.1417, 0.0594 2.2508 1.1417, 0.0639 2.2608 1.1417, 0.0663 2.2732 1.1417, 0.0667 2.2808 1.1417, 0.0648 2.2971 1.1417, 0.0611 2.307 1.1417, 0.056 2.3145 1.1417, 0.052 2.3184 1.1417, 0.0301 2.3292 1.1417, 0.0418 2.3251 1.1417
            ]
        }
        coordIndex [
            0,1,2,-1,2,1,3,-1,2,4,5,-1,3,6,2,-1,2,6,7,-1,2,7,4,-1,5,8,2,-1,2,8,9,-1,2,9,10,-1,10,11,2,-1,2,11,12,-1,2,12,13,-1,13,14,2,-1,2,14,15,-1,2,15,16,-1,16,15,17,-1,
        ]
    }
}
Shape{
    appearance Appearance {
        material  Material 	{
            diffuseColor 0.0 0.0 0.0
            specularColor 0.0 0.0 0.0
            ambientIntensity 0.0
            transparency 0.0
            shininess 0.5
        }
    }
    geometry IndexedFaceSet {
        ccw TRUE
        solid FALSE
        coord DEF co Coordinate {
            point [
                0.1295 2.2644 1.1457, 0.1241 2.2494 1.1457, 0.1743 2.2644 1.1457, 0.1796 2.2494 1.1457, 0.1495 2.3199 1.1457, 0.143 2.3463 1.1457, 0.0922 2.2129 1.1457, 0.1112 2.2129 1.1457, 0.1506 2.3239 1.1457, 0.1517 2.3293 1.1457, 0.1614 2.3463 1.1457, 0.1521 2.3293 1.1457, 0.1531 2.3236 1.1457, 0.1541 2.3199 1.1457, 0.2123 2.2129 1.1457, 0.1932 2.2129 1.1457, 0.1614 2.3463 1.1417, 0.2123 2.2129 1.1417, 0.143 2.3463 1.1417, 0.0922 2.2129 1.1417, 0.1307 2.3138 1.1417, 0.1112 2.2129 1.1417, 0.1241 2.2494 1.1417, 0.1796 2.2494 1.1417, 0.1307 2.2494 1.1417, 0.1932 2.2129 1.1417, 0.1295 2.2644 1.1417, 0.1743 2.2644 1.1417, 0.1541 2.3199 1.1417, 0.1521 2.3293 1.1417, 0.1531 2.3236 1.1417, 0.1517 2.3293 1.1417, 0.1495 2.3199 1.1417, 0.1506 2.3239 1.1417
            ]
        }
        coordIndex [
            0,1,2,-1,2,1,3,-1,4,5,0,-1,0,5,6,-1,0,6,1,-1,1,6,7,-1,4,8,5,-1,5,8,9,-1,5,9,10,-1,10,9,11,-1,10,11,12,-1,12,13,10,-1,10,13,2,-1,10,2,14,-1,14,2,3,-1,14,3,15,-1,10,14,16,-1,16,14,17,-1,5,10,18,-1,18,10,16,-1,19,6,20,-1,20,6,5,-1,20,5,18,-1,7,6,21,-1,21,6,19,-1,1,7,22,-1,22,7,21,-1,23,3,24,-1,24,3,1,-1,24,1,22,-1,15,3,25,-1,25,3,23,-1,14,15,17,-1,17,15,25,-1,0,2,26,-1,26,2,27,-1,2,13,27,-1,27,13,28,-1,11,29,30,-1,11,30,12,-1,12,30,28,-1,12,28,13,-1,11,9,29,-1,29,9,31,-1,4,32,33,-1,4,33,8,-1,8,33,31,-1,8,31,9,-1,4,0,32,-1,32,0,26,-1,
        ]
    }
}
Shape{
    appearance Appearance {
        material  Material 	{
            diffuseColor 1.0 1.0 1.0
            specularColor 0.5019607843137255 0.5019607843137255 0.5019607843137255
            ambientIntensity 1.0
            transparency 0.0
            shininess 0.5
        }
    }
    geometry IndexedFaceSet {
        ccw TRUE
        solid FALSE
        coord DEF co Coordinate {
            point [
                0.1521 2.3293 1.1417, 0.1517 2.3293 1.1417, 0.1531 2.3236 1.1417, 0.1506 2.3239 1.1417, 0.1541 2.3199 1.1417, 0.1495 2.3199 1.1417, 0.1743 2.2644 1.1417, 0.1295 2.2644 1.1417
            ]
        }
        coordIndex [
            0,1,2,-1,2,1,3,-1,2,3,4,-1,4,3,5,-1,4,5,6,-1,6,5,7,-1,
        ]
    }
}
Shape{
    appearance Appearance {
        material  Material 	{
            diffuseColor 0.0 0.0 0.0
            specularColor 0.0 0.0 0.0
            ambientIntensity 0.0
            transparency 0.0
            shininess 0.5
        }
    }
    geometry IndexedFaceSet {
        ccw TRUE
        solid FALSE
        coord DEF co Coordinate {
            point [
                -0.2515 2.0164 1.1457, -0.2515 2.0012 1.1457, -0.2515 2.0164 1.1417, -0.2515 2.0012 1.1417, -0.3061 2.0164 1.1457, -0.3061 2.0164 1.1417, -0.3061 2.0613 1.1457, -0.3061 2.0613 1.1417, -0.2584 2.0613 1.1457, -0.2584 2.0613 1.1417, -0.2584 2.0765 1.1457, -0.2584 2.0765 1.1417, -0.3061 2.0765 1.1457, -0.3061 2.0765 1.1417, -0.3061 2.1193 1.1457, -0.3061 2.1193 1.1417, -0.2546 2.1193 1.1457, -0.2546 2.1193 1.1417, -0.2546 2.1346 1.1457, -0.2546 2.1272 1.1417, -0.2546 2.1346 1.1417, -0.3233 2.1346 1.1457, -0.3233 2.1346 1.1417, -0.3233 2.0012 1.1417, -0.3233 2.0012 1.1457, -0.3233 2.1272 1.1417, -0.1757 2.0012 1.1457, -0.1589 2.0012 1.1457, -0.1757 2.0159 1.1457, -0.1589 2.0625 1.1457, -0.1757 2.0617 1.1457, -0.2116 2.042 1.1457, -0.2074 2.0439 1.1457, -0.198 2.046 1.1457, -0.1757 2.049 1.1457, -0.1757 2.0398 1.1457, -0.1761 2.0159 1.1457, -0.1849 2.0183 1.1457, -0.1787 2.0119 1.1457, -0.1896 2.0152 1.1457, -0.1757 2.0387 1.1457, -0.1768 2.0313 1.1457, -0.1792 2.0253 1.1457, -0.1828 2.0204 1.1457, -0.1762 2.0691 1.1457, -0.1603 2.0752 1.1457, -0.178 2.0751 1.1457, -0.1629 2.0828 1.1457, -0.1799 2.0785 1.1457, -0.1663 2.0882 1.1457, -0.1825 2.0812 1.1457, -0.1708 2.0925 1.1457, -0.1854 2.0831 1.1457, -0.1763 2.0956 1.1457, -0.1893 2.0845 1.1457, -0.1834 2.0978 1.1457, -0.195 2.0851 1.1457, -0.1934 2.0986 1.1457, -0.205 2.084 1.1457, -0.2096 2.0968 1.1457, -0.2155 2.0804 1.1457, -0.2222 2.0921 1.1457, -0.2262 2.0735 1.1457, -0.2262 2.0898 1.1457, -0.2152 2.0183 1.1457, -0.2273 2.0064 1.1457, -0.2137 2.0169 1.1457, -0.2217 2.0025 1.1457, -0.2104 2.0146 1.1457, -0.2153 2.0001 1.1457, -0.2066 2.0133 1.1457, -0.2053 1.9989 1.1457, -0.201 2.0126 1.1457, -0.1967 1.9999 1.1457, -0.1947 2.0133 1.1457, -0.1899 2.0023 1.1457, -0.184 2.0062 1.1457, -0.2184 2.0307 1.1457, -0.2355 2.0287 1.1457, -0.2186 2.028 1.1457, -0.2355 2.0267 1.1457, -0.2181 2.0242 1.1457, -0.2347 2.0191 1.1457, -0.2171 2.0212 1.1457, -0.2327 2.0134 1.1457, -0.2292 2.0083 1.1457, -0.2039 2.0578 1.1457, -0.2165 2.0547 1.1457, -0.2141 2.0401 1.1457, -0.2236 2.0511 1.1457, -0.2161 2.0376 1.1457, -0.2288 2.0466 1.1457, -0.2176 2.0345 1.1457, -0.2321 2.0418 1.1457, -0.2344 2.0359 1.1457, -0.1934 2.0986 1.1417, -0.2096 2.0968 1.1417, -0.2222 2.0921 1.1417, -0.2262 2.0898 1.1417, -0.2262 2.0735 1.1417, -0.2155 2.0804 1.1417, -0.205 2.084 1.1417, -0.195 2.0851 1.1417, -0.1893 2.0845 1.1417, -0.1854 2.0831 1.1417, -0.1825 2.0812 1.1417, -0.1799 2.0785 1.1417, -0.178 2.0751 1.1417, -0.1762 2.0691 1.1417, -0.1757 2.0617 1.1417, -0.2039 2.0578 1.1417, -0.2165 2.0547 1.1417, -0.2236 2.0511 1.1417, -0.2288 2.0466 1.1417, -0.2321 2.0418 1.1417, -0.2344 2.0359 1.1417, -0.2355 2.0287 1.1417, -0.2355 2.0267 1.1417, -0.2347 2.0191 1.1417, -0.2327 2.0134 1.1417, -0.2292 2.0083 1.1417, -0.2273 2.0064 1.1417, -0.2053 1.9989 1.1417, -0.215 2.0 1.1417, -0.2153 2.0001 1.1417, -0.2217 2.0025 1.1417, -0.1967 1.9999 1.1417, -0.1962 2.0 1.1417, -0.1899 2.0023 1.1417, -0.184 2.0062 1.1417, -0.1787 2.0119 1.1417, -0.1761 2.0159 1.1417, -0.1757 2.0159 1.1417, -0.1757 2.0012 1.1417, -0.1589 2.0012 1.1417, -0.1589 2.0625 1.1417, -0.1603 2.0752 1.1417, -0.1629 2.0828 1.1417, -0.1663 2.0882 1.1417, -0.1708 2.0925 1.1417, -0.1763 2.0956 1.1417, -0.1834 2.0978 1.1417, -0.2141 2.0401 1.1417, -0.2116 2.042 1.1417, -0.2074 2.0439 1.1417, -0.198 2.046 1.1417, -0.2186 2.028 1.1417, -0.2184 2.0307 1.1417, -0.2176 2.0345 1.1417, -0.2161 2.0376 1.1417, -0.2137 2.0169 1.1417, -0.2152 2.0183 1.1417, -0.2171 2.0212 1.1417, -0.2181 2.0242 1.1417, -0.201 2.0126 1.1417, -0.2066 2.0133 1.1417, -0.2104 2.0146 1.1417, -0.1828 2.0204 1.1417, -0.1849 2.0183 1.1417, -0.1896 2.0152 1.1417, -0.1947 2.0133 1.1417, -0.1757 2.0398 1.1417, -0.1757 2.0387 1.1417, -0.1768 2.0313 1.1417, -0.1792 2.0253 1.1417, -0.1757 2.049 1.1417
            ]
        }
        coordIndex [
            0,1,2,-1,2,1,3,-1,4,0,5,-1,5,0,2,-1,6,4,7,-1,7,4,5,-1,8,6,9,-1,9,6,7,-1,10,8,11,-1,11,8,9,-1,12,10,13,-1,13,10,11,-1,14,12,15,-1,15,12,13,-1,16,14,17,-1,17,14,15,-1,16,17,18,-1,18,17,19,-1,18,19,20,-1,21,18,22,-1,22,18,20,-1,23,24,25,-1,25,24,21,-1,25,21,22,-1,1,24,3,-1,3,24,23,-1,24,1,0,-1,0,4,24,-1,24,4,6,-1,24,6,21,-1,16,18,14,-1,14,18,21,-1,14,21,12,-1,12,21,6,-1,12,6,10,-1,10,6,8,-1,26,27,28,-1,28,27,29,-1,30,31,32,-1,33,34,29,-1,29,34,35,-1,36,37,38,-1,38,37,39,-1,35,40,29,-1,29,40,41,-1,29,41,28,-1,28,41,42,-1,28,42,36,-1,36,42,43,-1,36,43,37,-1,32,33,30,-1,30,33,29,-1,30,29,44,-1,44,29,45,-1,44,45,46,-1,46,45,47,-1,46,47,48,-1,48,47,49,-1,48,49,50,-1,50,49,51,-1,50,51,52,-1,52,51,53,-1,52,53,54,-1,54,53,55,-1,54,55,56,-1,56,55,57,-1,56,57,58,-1,58,57,59,-1,58,59,60,-1,60,59,61,-1,60,61,62,-1,62,61,63,-1,64,65,66,-1,66,65,67,-1,66,67,68,-1,68,67,69,-1,68,69,70,-1,70,69,71,-1,70,71,72,-1,72,71,73,-1,72,73,74,-1,74,73,75,-1,74,75,39,-1,39,75,76,-1,39,76,38,-1,77,78,79,-1,79,78,80,-1,79,80,81,-1,81,80,82,-1,81,82,83,-1,83,82,84,-1,83,84,64,-1,64,84,85,-1,64,85,65,-1,30,86,31,-1,31,86,87,-1,31,87,88,-1,88,87,89,-1,88,89,90,-1,90,89,91,-1,90,91,92,-1,92,91,93,-1,92,93,77,-1,77,93,94,-1,77,94,78,-1,57,95,96,-1,57,96,59,-1,59,96,97,-1,59,97,61,-1,61,97,98,-1,61,98,63,-1,62,63,99,-1,99,63,98,-1,62,99,100,-1,62,100,60,-1,60,100,101,-1,60,101,58,-1,58,101,102,-1,58,102,56,-1,56,102,103,-1,56,103,54,-1,54,103,104,-1,54,104,52,-1,52,104,105,-1,52,105,50,-1,50,105,106,-1,50,106,48,-1,48,106,107,-1,48,107,46,-1,46,107,108,-1,46,108,44,-1,44,108,109,-1,44,109,30,-1,86,30,110,-1,110,30,109,-1,86,110,111,-1,86,111,87,-1,87,111,112,-1,87,112,89,-1,89,112,113,-1,89,113,91,-1,91,113,114,-1,91,114,93,-1,93,114,115,-1,93,115,94,-1,94,115,116,-1,94,116,78,-1,78,116,117,-1,78,117,80,-1,80,117,118,-1,80,118,82,-1,82,118,119,-1,82,119,84,-1,84,119,120,-1,84,120,85,-1,85,120,121,-1,85,121,65,-1,122,71,123,-1,123,71,69,-1,123,69,124,-1,124,69,67,-1,124,67,125,-1,125,67,65,-1,125,65,121,-1,71,122,126,-1,71,126,73,-1,73,126,127,-1,73,127,75,-1,127,128,75,-1,75,128,129,-1,75,129,76,-1,76,129,130,-1,76,130,38,-1,38,130,131,-1,38,131,36,-1,28,36,132,-1,132,36,131,-1,26,28,133,-1,133,28,132,-1,27,26,134,-1,134,26,133,-1,29,27,135,-1,135,27,134,-1,29,135,136,-1,29,136,45,-1,45,136,137,-1,45,137,47,-1,47,137,138,-1,47,138,49,-1,49,138,139,-1,49,139,51,-1,51,139,140,-1,51,140,53,-1,53,140,141,-1,53,141,55,-1,55,141,95,-1,55,95,57,-1,88,142,143,-1,88,143,31,-1,31,143,144,-1,31,144,32,-1,32,144,145,-1,32,145,33,-1,79,146,147,-1,79,147,77,-1,77,147,148,-1,77,148,92,-1,92,148,149,-1,92,149,90,-1,90,149,142,-1,90,142,88,-1,66,150,151,-1,66,151,64,-1,64,151,152,-1,64,152,83,-1,83,152,153,-1,83,153,81,-1,81,153,146,-1,81,146,79,-1,72,154,155,-1,72,155,70,-1,70,155,156,-1,70,156,68,-1,68,156,150,-1,68,150,66,-1,43,157,158,-1,43,158,37,-1,37,158,159,-1,37,159,39,-1,39,159,160,-1,39,160,74,-1,74,160,154,-1,74,154,72,-1,35,161,162,-1,35,162,40,-1,40,162,163,-1,40,163,41,-1,41,163,164,-1,41,164,42,-1,42,164,157,-1,42,157,43,-1,35,34,161,-1,161,34,165,-1,34,33,165,-1,165,33,145,-1,
        ]
    }
}
Shape{
    appearance Appearance {
        material  Material 	{
            diffuseColor 1.0 1.0 1.0
            specularColor 0.5019607843137255 0.5019607843137255 0.5019607843137255
            ambientIntensity 1.0
            transparency 0.0
            shininess 0.5
        }
    }
    geometry IndexedFaceSet {
        ccw TRUE
        solid FALSE
        coord DEF co Coordinate {
            point [
                -0.1757 2.049 1.1417, -0.198 2.046 1.1417, -0.1757 2.0398 1.1417, -0.2074 2.0439 1.1417, -0.2116 2.042 1.1417, -0.2141 2.0401 1.1417, -0.1757 2.0387 1.1417, -0.1768 2.0313 1.1417, -0.2161 2.0376 1.1417, -0.1792 2.0253 1.1417, -0.2152 2.0183 1.1417, -0.2137 2.0169 1.1417, -0.1849 2.0183 1.1417, -0.2171 2.0212 1.1417, -0.1896 2.0152 1.1417, -0.1947 2.0133 1.1417, -0.201 2.0126 1.1417, -0.2176 2.0345 1.1417, -0.2184 2.0307 1.1417, -0.1828 2.0204 1.1417, -0.2186 2.028 1.1417, -0.2181 2.0242 1.1417, -0.2104 2.0146 1.1417, -0.2066 2.0133 1.1417
            ]
        }
        coordIndex [
            0,1,2,-1,2,1,3,-1,3,4,2,-1,2,4,5,-1,2,5,6,-1,6,5,7,-1,7,5,8,-1,7,8,9,-1,10,11,12,-1,10,12,13,-1,14,12,15,-1,15,12,16,-1,8,17,9,-1,9,17,18,-1,9,18,19,-1,19,18,20,-1,19,20,12,-1,12,20,21,-1,12,21,13,-1,11,22,12,-1,12,22,23,-1,12,23,16,-1,
        ]
    }
}
Shape{
    appearance Appearance {
        material  Material 	{
            diffuseColor 0.0 0.0 0.0
            specularColor 0.0 0.0 0.0
            ambientIntensity 0.0
            transparency 0.0
            shininess 0.5
        }
    }
    geometry IndexedFaceSet {
        ccw TRUE
        solid FALSE
        coord DEF co Coordinate {
            point [
                -0.1363 2.0218 1.1417, -0.1363 2.0218 1.1457, -0.1298 2.0177 1.1457, -0.1088 2.0125 1.1457, -0.1088 2.0125 1.1417, -0.1193 2.0138 1.1417, -0.1193 2.0138 1.1457, -0.1286 2.0173 1.1417, -0.1298 2.0177 1.1417, -0.1363 2.0045 1.1457, -0.1363 2.0045 1.1417, -0.1243 2.0003 1.1457, -0.1286 2.0018 1.1417, -0.1104 1.9989 1.1417, -0.1104 1.9989 1.1457, -0.1215 2.0 1.1417, -0.1243 2.0003 1.1417, -0.0966 2.0004 1.1457, -0.0999 2.0 1.1417, -0.0966 2.0004 1.1417, -0.0875 2.0036 1.1417, -0.0875 2.0036 1.1457, -0.0827 2.0065 1.1417, -0.0827 2.0065 1.1457, -0.0779 2.0107 1.1417, -0.0779 2.0107 1.1457, -0.0748 2.0151 1.1417, -0.0748 2.0151 1.1457, -0.0727 2.0204 1.1417, -0.0727 2.0204 1.1457, -0.0719 2.0271 1.1417, -0.0719 2.0271 1.1457, -0.0726 2.0333 1.1417, -0.0726 2.0333 1.1457, -0.0744 2.0382 1.1417, -0.0744 2.0382 1.1457, -0.0775 2.0428 1.1417, -0.0775 2.0428 1.1457, -0.0815 2.0464 1.1417, -0.0815 2.0464 1.1457, -0.0926 2.0526 1.1417, -0.0926 2.0526 1.1457, -0.0991 2.0552 1.1417, -0.0991 2.0552 1.1457, -0.1094 2.0597 1.1417, -0.1094 2.0597 1.1457, -0.1153 2.0634 1.1417, -0.1153 2.0634 1.1457, -0.1169 2.0652 1.1417, -0.1169 2.0652 1.1457, -0.1181 2.0674 1.1417, -0.1181 2.0674 1.1457, -0.1188 2.07 1.1417, -0.1188 2.07 1.1457, -0.119 2.0722 1.1417, -0.119 2.0722 1.1457, -0.1187 2.0749 1.1417, -0.1187 2.0749 1.1457, -0.1178 2.0772 1.1417, -0.1178 2.0772 1.1457, -0.1164 2.0793 1.1417, -0.1164 2.0793 1.1457, -0.1139 2.0815 1.1417, -0.1139 2.0815 1.1457, -0.1101 2.0835 1.1417, -0.1101 2.0835 1.1457, -0.1057 2.0847 1.1417, -0.1057 2.0847 1.1457, -0.1007 2.0851 1.1417, -0.1007 2.0851 1.1457, -0.0897 2.0838 1.1417, -0.0897 2.0838 1.1457, -0.0803 2.0804 1.1417, -0.0803 2.0804 1.1457, -0.0765 2.0782 1.1417, -0.0765 2.0782 1.1457, -0.0765 2.0944 1.1457, -0.0765 2.0944 1.1417, -0.0899 2.098 1.1417, -0.0899 2.098 1.1457, -0.0991 2.0986 1.1417, -0.0991 2.0986 1.1457, -0.1114 2.0973 1.1417, -0.1114 2.0973 1.1457, -0.1206 2.094 1.1417, -0.1206 2.094 1.1457, -0.1255 2.0911 1.1417, -0.1255 2.0911 1.1457, -0.1304 2.0866 1.1457, -0.1286 2.0883 1.1417, -0.1304 2.0866 1.1417, -0.1335 2.0821 1.1417, -0.1335 2.0821 1.1457, -0.1355 2.0767 1.1417, -0.1355 2.0767 1.1457, -0.1362 2.0707 1.1417, -0.1362 2.0707 1.1457, -0.1355 2.0643 1.1417, -0.1355 2.0643 1.1457, -0.1336 2.0592 1.1417, -0.1336 2.0592 1.1457, -0.1315 2.0557 1.1417, -0.1315 2.0557 1.1457, -0.1109 2.043 1.1417, -0.1109 2.043 1.1457, -0.1208 2.0476 1.1457, -0.1287 2.0528 1.1417, -0.1287 2.0528 1.1457, -0.1286 2.0527 1.1417, -0.1208 2.0476 1.1417, -0.0999 2.0384 1.1417, -0.0999 2.0384 1.1457, -0.0934 2.0345 1.1417, -0.0934 2.0345 1.1457, -0.0913 2.0323 1.1417, -0.0913 2.0323 1.1457, -0.09 2.0301 1.1417, -0.09 2.0301 1.1457, -0.0892 2.0275 1.1417, -0.0892 2.0275 1.1457, -0.0891 2.0254 1.1417, -0.0891 2.0254 1.1457, -0.0894 2.0223 1.1417, -0.0894 2.0223 1.1457, -0.0903 2.0199 1.1417, -0.0903 2.0199 1.1457, -0.0917 2.0177 1.1417, -0.0917 2.0177 1.1457, -0.0937 2.016 1.1417, -0.0937 2.016 1.1457, -0.0952 2.0151 1.1417, -0.0952 2.0151 1.1457, -0.0995 2.0135 1.1417, -0.0995 2.0135 1.1457, -0.1081 2.0126 1.1417, -0.1081 2.0126 1.1457, 0.0109 2.0965 1.1457, 0.0283 2.0965 1.1457, 0.0109 2.0965 1.1417, 0.0283 2.0965 1.1417, -0.0151 2.0247 1.1457, -0.0151 2.0247 1.1417, -0.0164 2.0202 1.1417, -0.0164 2.0202 1.1457, -0.0171 2.017 1.1417, -0.0171 2.017 1.1457, -0.0176 2.017 1.1457, -0.0176 2.017 1.1417, -0.0196 2.0248 1.1457, -0.0196 2.0248 1.1417, -0.0445 2.0965 1.1417, -0.0445 2.0965 1.1457, -0.0365 2.0733 1.1417, -0.0632 2.0965 1.1457, -0.0632 2.0965 1.1417, -0.0258 2.0014 1.1417, -0.0258 2.0014 1.1457, -0.0365 2.0284 1.1417, -0.0332 1.984 1.1417, -0.0332 1.984 1.1457, -0.0264 2.0 1.1417, -0.0364 1.978 1.1417, -0.0364 1.978 1.1457, -0.0365 1.978 1.1417, -0.0396 1.9745 1.1457, -0.0396 1.9745 1.1417, -0.0426 1.9724 1.1417, -0.0426 1.9724 1.1457, -0.0463 1.971 1.1417, -0.0463 1.971 1.1457, -0.0503 1.9706 1.1417, -0.0503 1.9706 1.1457, -0.0564 1.9714 1.1417, -0.0564 1.9714 1.1457, -0.0598 1.9725 1.1417, -0.0598 1.9725 1.1457, -0.0598 1.9576 1.1457, -0.0598 1.9576 1.1417, -0.0527 1.9564 1.1417, -0.0527 1.9564 1.1457, -0.049 1.9563 1.1417, -0.049 1.9563 1.1457, -0.0422 1.957 1.1417, -0.0422 1.957 1.1457, -0.0365 1.9592 1.1417, -0.0357 1.9596 1.1457, -0.0357 1.9596 1.1417, -0.0298 1.9636 1.1417, -0.0298 1.9636 1.1457, -0.0287 1.9647 1.1417, -0.0287 1.9647 1.1457, -0.0226 1.972 1.1417, -0.0226 1.972 1.1457, -0.015 1.9868 1.1417, -0.015 1.9868 1.1457, -0.0098 2.0 1.1417, 0.1181 2.0164 1.1457, 0.1181 2.0012 1.1457, 0.1181 2.0164 1.1417, 0.1181 2.0012 1.1417, 0.0635 2.0164 1.1417, 0.0635 2.0164 1.1457, 0.0885 2.0164 1.1417, 0.0635 2.0613 1.1457, 0.0635 2.0613 1.1417, 0.1112 2.0613 1.1417, 0.1112 2.0613 1.1457, 0.0885 2.0613 1.1417, 0.1112 2.0765 1.1457, 0.1112 2.0765 1.1417, 0.0635 2.0765 1.1417, 0.0635 2.0765 1.1457, 0.0885 2.0765 1.1417, 0.0635 2.1193 1.1457, 0.0635 2.1193 1.1417, 0.115 2.1193 1.1417, 0.115 2.1193 1.1457, 0.0885 2.1193 1.1417, 0.115 2.1346 1.1457, 0.115 2.1272 1.1417, 0.115 2.1346 1.1417, 0.0463 2.1346 1.1417, 0.0463 2.1346 1.1457, 0.0885 2.1346 1.1417, 0.0463 2.0012 1.1417, 0.0463 2.0012 1.1457, 0.0463 2.1272 1.1417, 0.0885 2.0012 1.1417, 0.2172 2.0282 1.1457, 0.2282 2.0168 1.1457, 0.2195 2.0303 1.1457, 0.2318 2.0198 1.1457, 0.2265 2.0391 1.1457, 0.2416 2.0316 1.1457, 0.231 2.0491 1.1457, 0.2482 2.0453 1.1457, 0.2334 2.0615 1.1457, 0.2515 2.0609 1.1457, 0.2338 2.0691 1.1457, 0.2519 2.0696 1.1457, 0.2319 2.0854 1.1457, 0.25 2.0866 1.1457, 0.2282 2.0953 1.1457, 0.2453 2.0996 1.1457, 0.2231 2.1028 1.1457, 0.2373 2.1114 1.1457, 0.2192 2.1067 1.1457, 0.2318 2.1169 1.1457, 0.2089 2.1134 1.1457, 0.2186 2.1261 1.1457, 0.1972 2.1175 1.1457, 0.2026 2.1321 1.1457, 0.1806 2.1193 1.1457, 0.1813 2.1346 1.1457, 0.1605 2.1193 1.1457, 0.1433 2.1346 1.1457, 0.1605 2.0164 1.1457, 0.1433 2.0012 1.1457, 0.1799 2.0164 1.1457, 0.18 2.0012 1.1457, 0.1971 2.0183 1.1457, 0.199 2.0031 1.1457, 0.2084 2.0224 1.1457, 0.2149 2.0084 1.1457, 0.18 2.0012 1.1417, 0.1433 2.0012 1.1417, 0.199 2.0031 1.1417, 0.2149 2.0084 1.1417, 0.2282 2.0168 1.1417, 0.2318 2.0198 1.1417, 0.2416 2.0316 1.1417, 0.2482 2.0453 1.1417, 0.2515 2.0609 1.1417, 0.2519 2.0696 1.1417, 0.25 2.0866 1.1417, 0.2453 2.0996 1.1417, 0.2373 2.1114 1.1417, 0.2318 2.1169 1.1417, 0.1813 2.1346 1.1417, 0.2186 2.1261 1.1417, 0.2157 2.1272 1.1417, 0.2026 2.1321 1.1417, 0.1433 2.1346 1.1417, 0.1433 2.1272 1.1417, 0.1806 2.1193 1.1417, 0.1605 2.1193 1.1417, 0.1605 2.0164 1.1417, 0.1799 2.0164 1.1417, 0.2195 2.0303 1.1417, 0.2172 2.0282 1.1417, 0.2084 2.0224 1.1417, 0.1971 2.0183 1.1417, 0.2338 2.0691 1.1417, 0.2334 2.0615 1.1417, 0.231 2.0491 1.1417, 0.2265 2.0391 1.1417, 0.2192 2.1067 1.1417, 0.2231 2.1028 1.1417, 0.2282 2.0953 1.1417, 0.2319 2.0854 1.1417, 0.1972 2.1175 1.1417, 0.2089 2.1134 1.1417
            ]
        }
        coordIndex [
            0,1,2,-1,3,4,5,-1,3,5,6,-1,6,5,7,-1,6,7,2,-1,2,7,8,-1,2,8,0,-1,9,1,10,-1,10,1,0,-1,9,10,11,-1,11,10,12,-1,13,14,15,-1,15,14,11,-1,15,11,16,-1,16,11,12,-1,14,13,17,-1,17,13,18,-1,18,19,17,-1,17,19,20,-1,17,20,21,-1,21,20,22,-1,21,22,23,-1,23,22,24,-1,23,24,25,-1,25,24,26,-1,25,26,27,-1,27,26,28,-1,27,28,29,-1,29,28,30,-1,29,30,31,-1,31,30,32,-1,31,32,33,-1,33,32,34,-1,33,34,35,-1,35,34,36,-1,35,36,37,-1,37,36,38,-1,37,38,39,-1,39,38,40,-1,39,40,41,-1,41,40,42,-1,41,42,43,-1,43,42,44,-1,43,44,45,-1,45,44,46,-1,45,46,47,-1,47,46,48,-1,47,48,49,-1,49,48,50,-1,49,50,51,-1,51,50,52,-1,51,52,53,-1,53,52,54,-1,53,54,55,-1,55,54,56,-1,55,56,57,-1,57,56,58,-1,57,58,59,-1,59,58,60,-1,59,60,61,-1,61,60,62,-1,61,62,63,-1,63,62,64,-1,63,64,65,-1,65,64,66,-1,65,66,67,-1,67,66,68,-1,67,68,69,-1,69,68,70,-1,69,70,71,-1,71,70,72,-1,71,72,73,-1,73,72,74,-1,73,74,75,-1,76,75,77,-1,77,75,74,-1,76,77,78,-1,76,78,79,-1,79,78,80,-1,79,80,81,-1,81,80,82,-1,81,82,83,-1,83,82,84,-1,83,84,85,-1,85,84,86,-1,85,86,87,-1,87,86,88,-1,88,86,89,-1,89,90,88,-1,88,90,91,-1,88,91,92,-1,92,91,93,-1,92,93,94,-1,94,93,95,-1,94,95,96,-1,96,95,97,-1,96,97,98,-1,98,97,99,-1,98,99,100,-1,100,99,101,-1,100,101,102,-1,103,104,105,-1,102,101,106,-1,102,106,107,-1,107,106,108,-1,107,108,105,-1,105,108,109,-1,105,109,103,-1,104,103,110,-1,104,110,111,-1,111,110,112,-1,111,112,113,-1,113,112,114,-1,113,114,115,-1,115,114,116,-1,115,116,117,-1,117,116,118,-1,117,118,119,-1,119,118,120,-1,119,120,121,-1,121,120,122,-1,121,122,123,-1,123,122,124,-1,123,124,125,-1,125,124,126,-1,125,126,127,-1,127,126,128,-1,127,128,129,-1,129,128,130,-1,129,130,131,-1,131,130,132,-1,131,132,133,-1,133,132,134,-1,133,134,135,-1,135,134,4,-1,135,4,3,-1,61,63,85,-1,85,63,83,-1,111,43,104,-1,104,43,45,-1,21,23,127,-1,127,23,25,-1,127,25,125,-1,125,25,27,-1,125,27,123,-1,123,27,29,-1,123,29,121,-1,121,29,31,-1,121,31,119,-1,119,31,33,-1,119,33,117,-1,117,33,35,-1,117,35,115,-1,115,35,37,-1,115,37,113,-1,113,37,39,-1,113,39,111,-1,111,39,41,-1,111,41,43,-1,14,3,11,-1,11,3,6,-1,11,6,9,-1,9,6,2,-1,9,2,1,-1,63,65,83,-1,83,65,67,-1,83,67,81,-1,81,67,69,-1,81,69,79,-1,79,69,71,-1,79,71,76,-1,76,71,73,-1,76,73,75,-1,127,129,21,-1,21,129,131,-1,21,131,17,-1,17,131,133,-1,17,133,14,-1,14,133,135,-1,14,135,3,-1,85,87,61,-1,61,87,88,-1,61,88,59,-1,59,88,92,-1,59,92,57,-1,57,92,94,-1,57,94,55,-1,55,94,96,-1,55,96,53,-1,53,96,98,-1,53,98,51,-1,51,98,100,-1,51,100,49,-1,49,100,102,-1,49,102,47,-1,47,102,107,-1,47,107,45,-1,45,107,105,-1,45,105,104,-1,136,137,138,-1,138,137,139,-1,140,136,141,-1,141,136,138,-1,140,141,142,-1,140,142,143,-1,143,142,144,-1,143,144,145,-1,146,145,147,-1,147,145,144,-1,148,146,149,-1,149,146,147,-1,150,151,152,-1,152,151,148,-1,152,148,149,-1,153,151,154,-1,154,151,150,-1,155,156,157,-1,157,156,153,-1,157,153,154,-1,158,159,160,-1,160,159,156,-1,160,156,155,-1,159,158,161,-1,159,161,162,-1,162,161,163,-1,162,163,164,-1,163,165,164,-1,164,165,166,-1,164,166,167,-1,167,166,168,-1,167,168,169,-1,169,168,170,-1,169,170,171,-1,171,170,172,-1,171,172,173,-1,173,172,174,-1,173,174,175,-1,176,175,177,-1,177,175,174,-1,176,177,178,-1,176,178,179,-1,179,178,180,-1,179,180,181,-1,181,180,182,-1,181,182,183,-1,183,182,184,-1,183,184,185,-1,184,186,185,-1,185,186,187,-1,185,187,188,-1,188,187,189,-1,188,189,190,-1,190,189,191,-1,190,191,192,-1,192,191,193,-1,192,193,194,-1,139,137,195,-1,195,137,194,-1,195,194,193,-1,143,145,194,-1,137,136,194,-1,194,136,140,-1,194,140,143,-1,151,153,148,-1,148,153,156,-1,148,156,146,-1,192,162,190,-1,190,162,164,-1,175,176,173,-1,173,176,179,-1,173,179,171,-1,171,179,181,-1,171,181,169,-1,169,181,183,-1,169,183,167,-1,167,183,185,-1,167,185,164,-1,164,185,188,-1,164,188,190,-1,145,146,194,-1,194,146,156,-1,194,156,192,-1,192,156,159,-1,192,159,162,-1,196,197,198,-1,198,197,199,-1,200,201,202,-1,202,201,196,-1,202,196,198,-1,203,201,204,-1,204,201,200,-1,205,206,207,-1,207,206,203,-1,207,203,204,-1,208,206,209,-1,209,206,205,-1,210,211,212,-1,212,211,208,-1,212,208,209,-1,213,211,214,-1,214,211,210,-1,215,216,217,-1,217,216,213,-1,217,213,214,-1,216,215,218,-1,218,215,219,-1,218,219,220,-1,221,222,223,-1,223,222,218,-1,223,218,220,-1,224,225,226,-1,226,225,222,-1,226,222,221,-1,199,197,227,-1,227,197,225,-1,227,225,224,-1,225,197,196,-1,196,201,225,-1,225,201,203,-1,225,203,222,-1,216,218,213,-1,213,218,222,-1,213,222,211,-1,211,222,203,-1,211,203,208,-1,208,203,206,-1,228,229,230,-1,230,229,231,-1,230,231,232,-1,232,231,233,-1,232,233,234,-1,234,233,235,-1,234,235,236,-1,236,235,237,-1,236,237,238,-1,238,237,239,-1,238,239,240,-1,240,239,241,-1,240,241,242,-1,242,241,243,-1,242,243,244,-1,244,243,245,-1,244,245,246,-1,246,245,247,-1,246,247,248,-1,248,247,249,-1,248,249,250,-1,250,249,251,-1,250,251,252,-1,252,251,253,-1,252,253,254,-1,254,253,255,-1,254,255,256,-1,256,255,257,-1,256,257,258,-1,258,257,259,-1,258,259,260,-1,260,259,261,-1,260,261,262,-1,262,261,263,-1,262,263,228,-1,228,263,229,-1,259,257,264,-1,264,257,265,-1,259,264,266,-1,259,266,261,-1,261,266,267,-1,261,267,263,-1,263,267,268,-1,263,268,229,-1,229,268,269,-1,229,269,231,-1,231,269,270,-1,231,270,233,-1,233,270,271,-1,233,271,235,-1,235,271,272,-1,235,272,237,-1,237,272,273,-1,237,273,239,-1,239,273,274,-1,239,274,241,-1,241,274,275,-1,241,275,243,-1,243,275,276,-1,243,276,245,-1,245,276,277,-1,245,277,247,-1,278,253,251,-1,247,277,279,-1,247,279,249,-1,249,279,280,-1,249,280,251,-1,251,280,281,-1,251,281,278,-1,255,253,282,-1,282,253,278,-1,265,257,283,-1,283,257,255,-1,283,255,282,-1,252,254,284,-1,284,254,285,-1,254,256,285,-1,285,256,286,-1,256,258,286,-1,286,258,287,-1,230,288,289,-1,230,289,228,-1,228,289,290,-1,228,290,262,-1,262,290,291,-1,262,291,260,-1,260,291,287,-1,260,287,258,-1,238,292,293,-1,238,293,236,-1,236,293,294,-1,236,294,234,-1,234,294,295,-1,234,295,232,-1,232,295,288,-1,232,288,230,-1,246,296,297,-1,246,297,244,-1,244,297,298,-1,244,298,242,-1,242,298,299,-1,242,299,240,-1,240,299,292,-1,240,292,238,-1,252,284,300,-1,252,300,250,-1,250,300,301,-1,250,301,248,-1,248,301,296,-1,248,296,246,-1,
        ]
    }
}
Shape{
    appearance Appearance {
        material  Material 	{
            diffuseColor 1.0 1.0 1.0
            specularColor 0.5019607843137255 0.5019607843137255 0.5019607843137255
            ambientIntensity 1.0
            transparency 0.0
            shininess 0.5
        }
    }
    geometry IndexedFaceSet {
        ccw TRUE
        solid FALSE
        coord DEF co Coordinate {
            point [
                0.1605 2.1193 1.1417, 0.1605 2.0164 1.1417, 0.1806 2.1193 1.1417, 0.1799 2.0164 1.1417, 0.2172 2.0282 1.1417, 0.2195 2.0303 1.1417, 0.1971 2.0183 1.1417, 0.2084 2.0224 1.1417, 0.2265 2.0391 1.1417, 0.231 2.0491 1.1417, 0.2334 2.0615 1.1417, 0.2338 2.0691 1.1417, 0.2319 2.0854 1.1417, 0.2282 2.0953 1.1417, 0.2231 2.1028 1.1417, 0.2192 2.1067 1.1417, 0.1972 2.1175 1.1417, 0.2089 2.1134 1.1417
            ]
        }
        coordIndex [
            0,1,2,-1,2,1,3,-1,2,4,5,-1,3,6,2,-1,2,6,7,-1,2,7,4,-1,5,8,2,-1,2,8,9,-1,2,9,10,-1,10,11,2,-1,2,11,12,-1,2,12,13,-1,13,14,2,-1,2,14,15,-1,2,15,16,-1,16,15,17,-1,
        ]
    }
}
Shape{
    appearance Appearance {
        material  Material 	{
            diffuseColor 0.0 0.0 0.0
            specularColor 0.0 0.0 0.0
            ambientIntensity 0.0
            transparency 0.0
            shininess 0.5
        }
    }
    geometry IndexedFaceSet {
        ccw TRUE
        solid FALSE
        coord DEF co Coordinate {
            point [
                0.2966 2.0527 1.1457, 0.2912 2.0377 1.1457, 0.3414 2.0527 1.1457, 0.3467 2.0377 1.1457, 0.3166 2.1082 1.1457, 0.3101 2.1346 1.1457, 0.2593 2.0012 1.1457, 0.2783 2.0012 1.1457, 0.3177 2.1122 1.1457, 0.3188 2.1175 1.1457, 0.3286 2.1346 1.1457, 0.3192 2.1175 1.1457, 0.3203 2.1119 1.1457, 0.3213 2.1082 1.1457, 0.3794 2.0012 1.1457, 0.3604 2.0012 1.1457, 0.3794 2.0012 1.1417, 0.3314 2.1272 1.1417, 0.3286 2.1346 1.1417, 0.3101 2.1346 1.1417, 0.2593 2.0012 1.1417, 0.3073 2.1272 1.1417, 0.2783 2.0012 1.1417, 0.2912 2.0377 1.1417, 0.3467 2.0377 1.1417, 0.3604 2.0012 1.1417, 0.2966 2.0527 1.1417, 0.3414 2.0527 1.1417, 0.3213 2.1082 1.1417, 0.3192 2.1175 1.1417, 0.3203 2.1119 1.1417, 0.3188 2.1175 1.1417, 0.3166 2.1082 1.1417, 0.3177 2.1122 1.1417
            ]
        }
        coordIndex [
            0,1,2,-1,2,1,3,-1,4,5,0,-1,0,5,6,-1,0,6,1,-1,1,6,7,-1,4,8,5,-1,5,8,9,-1,5,9,10,-1,10,9,11,-1,10,11,12,-1,12,13,10,-1,10,13,2,-1,10,2,14,-1,14,2,3,-1,14,3,15,-1,14,16,10,-1,10,16,17,-1,10,17,18,-1,5,10,19,-1,19,10,18,-1,20,6,21,-1,21,6,5,-1,21,5,19,-1,7,6,22,-1,22,6,20,-1,1,7,23,-1,23,7,22,-1,3,1,24,-1,24,1,23,-1,15,3,25,-1,25,3,24,-1,14,15,16,-1,16,15,25,-1,0,2,26,-1,26,2,27,-1,2,13,27,-1,27,13,28,-1,11,29,30,-1,11,30,12,-1,12,30,28,-1,12,28,13,-1,11,9,29,-1,29,9,31,-1,4,32,33,-1,4,33,8,-1,8,33,31,-1,8,31,9,-1,4,0,32,-1,32,0,26,-1,
        ]
    }
}
Shape{
    appearance Appearance {
        material  Material 	{
            diffuseColor 1.0 1.0 1.0
            specularColor 0.5019607843137255 0.5019607843137255 0.5019607843137255
            ambientIntensity 1.0
            transparency 0.0
            shininess 0.5
        }
    }
    geometry IndexedFaceSet {
        ccw TRUE
        solid FALSE
        coord DEF co Coordinate {
            point [
                0.3192 2.1175 1.1417, 0.3188 2.1175 1.1417, 0.3203 2.1119 1.1417, 0.3177 2.1122 1.1417, 0.3213 2.1082 1.1417, 0.3166 2.1082 1.1417, 0.3414 2.0527 1.1417, 0.2966 2.0527 1.1417
            ]
        }
        coordIndex [
            0,1,2,-1,2,1,3,-1,2,3,4,-1,4,3,5,-1,4,5,6,-1,6,5,7,-1,
        ]
    }
}
Shape{
    appearance Appearance {
        material  Material 	{
            diffuseColor 0.0 0.0 0.0
            specularColor 0.0 0.0 0.0
            ambientIntensity 0.0
            transparency 0.0
            shininess 0.5
        }
    }
    geometry IndexedFaceSet {
        ccw TRUE
        solid FALSE
        coord DEF co Coordinate {
            point [
                -0.9126 1.9821 1.1457, -0.8985 1.9647 1.1457, -0.9212 2.0662 1.1457, -0.9379 2.2309 1.1457, -0.9168 2.2422 1.1457, -0.9217 2.3006 1.1457, -0.8624 2.3034 1.1457, -0.833 2.2341 1.1457, -0.8185 2.2642 1.1457, -0.942 2.0789 1.1457, -0.9342 2.0062 1.1457, -0.9222 2.0026 1.1457, -0.8842 2.3053 1.1457, -0.8251 2.0681 1.1457, -0.8163 2.065 1.1457, -0.7372 2.0424 1.1457, -0.8086 2.0598 1.1457, -0.8025 2.053 1.1457, -0.6043 2.1127 1.1457, -0.6337 2.1629 1.1457, -0.7609 2.0965 1.1457, -0.833 2.069 1.1457, -0.8423 2.0678 1.1457, -0.8548 2.126 1.1457, -0.8506 2.0645 1.1457, -0.8757 2.1179 1.1457, -0.858 2.0593 1.1457, -0.8951 2.1044 1.1457, -0.8617 2.0553 1.1457, -0.9108 2.0865 1.1457, -0.8666 2.0475 1.1457, -0.8694 2.0385 1.1457, -0.8699 2.0293 1.1457, -0.7977 2.1224 1.1457, -0.8206 2.1281 1.1457, -0.832 2.1288 1.1457, -0.7984 2.0452 1.1457, -0.7962 2.0364 1.1457, -0.7372 2.033 1.1457, -0.7962 2.0277 1.1457, -0.7377 2.0228 1.1457, -0.843 2.326 1.1457, -0.7972 2.2896 1.1457, -0.8207 2.3451 1.1457, -0.7718 2.3081 1.1457, -0.7975 2.3595 1.1457, -0.8934 2.2478 1.1457, -0.8833 2.2483 1.1457, -0.8733 2.3047 1.1457, -0.8607 2.2455 1.1457, -0.8394 2.2376 1.1457, -0.7775 2.1117 1.1457, -0.4677 2.0434 1.1457, -0.5164 2.0768 1.1457, -0.4935 2.0216 1.1457, -0.5314 2.0665 1.1457, -0.5224 2.0074 1.1457, -0.5488 2.0602 1.1457, -0.554 2.0007 1.1457, -0.5597 2.0586 1.1457, -0.61 2.0007 1.1457, -0.6024 2.0586 1.1457, -0.6154 2.0016 1.1457, -0.8681 2.0204 1.1457, -0.8644 2.0124 1.1457, -0.573 2.2066 1.1457, -0.5654 2.2066 1.1457, -0.5265 2.2578 1.1457, -0.5492 2.2048 1.1457, -0.522 2.2563 1.1457, -0.5325 2.1988 1.1457, -0.4937 2.2423 1.1457, -0.5175 2.1889 1.1457, -0.468 2.2206 1.1457, -0.5051 2.1754 1.1457, -0.4486 2.1936 1.1457, -0.4963 2.159 1.1457, -0.437 2.1646 1.1457, -0.4919 2.1407 1.1457, -0.4326 2.1335 1.1457, -0.4914 2.1326 1.1457, -0.4369 2.0998 1.1457, -0.4932 2.1161 1.1457, -0.4488 2.0697 1.1457, -0.4993 2.099 1.1457, -0.5093 2.0839 1.1457, -0.5778 2.3328 1.1457, -0.6151 2.2894 1.1457, -0.5464 2.2964 1.1457, -0.5936 2.2638 1.1457, -0.5789 2.2333 1.1457, -0.9753 2.1765 1.1457, -1.0377 2.1606 1.1457, -0.9782 2.1535 1.1457, -1.0379 2.1516 1.1457, -0.977 2.1386 1.1457, -1.0333 2.1143 1.1457, -0.9701 2.1154 1.1457, -1.0197 2.079 1.1457, -0.959 2.0964 1.1457, -0.9981 2.0481 1.1457, -0.9685 2.0229 1.1457, -0.9568 2.287 1.1457, -0.987 2.2657 1.1457, -0.954 2.2165 1.1457, -0.9933 2.2597 1.1457, -0.9672 2.1977 1.1457, -1.0162 2.2304 1.1457, -1.0313 2.1962 1.1457, -0.7433 1.9994 1.1457, -0.7985 2.0186 1.1457, -0.7546 1.9783 1.1457, -0.8029 2.0105 1.1457, -0.7689 1.9622 1.1457, -0.8081 2.0047 1.1457, -0.7878 1.9491 1.1457, -0.8153 1.9995 1.1457, -0.809 1.9409 1.1457, -0.8235 1.9962 1.1457, -0.832 1.9381 1.1457, -0.833 1.995 1.1457, -0.8356 1.9381 1.1457, -0.8346 1.995 1.1457, -0.858 1.9416 1.1457, -0.8431 1.9964 1.1457, -0.8799 1.9508 1.1457, -0.8517 2.0001 1.1457, -0.859 2.0057 1.1457, -0.7537 2.3763 1.1457, -0.7409 2.3207 1.1457, -0.7068 2.3821 1.1457, -0.7059 2.3252 1.1457, -0.6677 2.378 1.1457, -0.6736 2.3212 1.1457, -0.6201 2.3612 1.1457, -0.6438 2.3098 1.1457, -0.6172 2.2913 1.1457, -0.6072 2.0595 1.1457, -0.63 2.0106 1.1457, -0.6278 2.0084 1.1457, -0.6044 2.0588 1.1457, -0.6216 2.004 1.1457, -0.6375 2.0301 1.1457, -0.6366 2.023 1.1457, -0.6341 2.0166 1.1457, -0.6155 2.0586 1.1457, -0.622 2.056 1.1457, -0.6373 2.0338 1.1457, -0.6278 2.0519 1.1457, -0.6317 2.0475 1.1457, -0.6354 2.0411 1.1457, -0.6081 2.0595 1.1457, -0.4486 2.1936 1.1417, -0.437 2.1646 1.1417, -0.4326 2.1335 1.1417, -0.4616 2.2117 1.1417, -0.468 2.2206 1.1417, -0.4937 2.2423 1.1417, -0.522 2.2563 1.1417, -0.5265 2.2578 1.1417, -0.5464 2.2964 1.1417, -0.5778 2.3328 1.1417, -0.5996 2.3474 1.1417, -0.6201 2.3612 1.1417, -0.6677 2.378 1.1417, -0.7068 2.3821 1.1417, -0.7537 2.3763 1.1417, -0.7975 2.3595 1.1417, -0.8169 2.3474 1.1417, -0.8207 2.3451 1.1417, -0.843 2.326 1.1417, -0.8624 2.3034 1.1417, -0.8733 2.3047 1.1417, -0.8842 2.3053 1.1417, -0.9217 2.3006 1.1417, -0.9568 2.287 1.1417, -0.987 2.2657 1.1417, -0.9933 2.2597 1.1417, -1.0162 2.2304 1.1417, -1.0245 2.2117 1.1417, -1.0313 2.1962 1.1417, -1.0377 2.1606 1.1417, -1.0379 2.1516 1.1417, -1.0349 2.1272 1.1417, -1.0333 2.1143 1.1417, -1.0197 2.079 1.1417, -0.9981 2.0481 1.1417, -0.9685 2.0229 1.1417, -0.9342 2.0062 1.1417, -0.9222 2.0026 1.1417, -0.921 2.0 1.1417, -0.9126 1.9821 1.1417, -0.8985 1.9647 1.1417, -0.8799 1.9508 1.1417, -0.8713 1.9472 1.1417, -0.858 1.9416 1.1417, -0.8356 1.9381 1.1417, -0.832 1.9381 1.1417, -0.7372 2.033 1.1417, -0.809 1.9409 1.1417, -0.7928 1.9472 1.1417, -0.7878 1.9491 1.1417, -0.7689 1.9622 1.1417, -0.7546 1.9783 1.1417, -0.7433 1.9994 1.1417, -0.7432 2.0 1.1417, -0.7377 2.0228 1.1417, -0.7372 2.0424 1.1417, -0.6043 2.1127 1.1417, -0.6337 2.1629 1.1417, -0.6128 2.1272 1.1417, -0.7609 2.0965 1.1417, -0.7022 2.1272 1.1417, -0.7977 2.1224 1.1417, -0.7775 2.1117 1.1417, -0.8168 2.1272 1.1417, -0.8206 2.1281 1.1417, -0.832 2.1288 1.1417, -0.8451 2.1272 1.1417, -0.8548 2.126 1.1417, -0.8757 2.1179 1.1417, -0.8951 2.1044 1.1417, -0.9108 2.0865 1.1417, -0.9212 2.0662 1.1417, -0.9701 2.1154 1.1417, -0.959 2.0964 1.1417, -0.942 2.0789 1.1417, -0.9736 2.1272 1.1417, -0.977 2.1386 1.1417, -0.9782 2.1535 1.1417, -0.9672 2.1977 1.1417, -0.9753 2.1765 1.1417, -0.9573 2.2117 1.1417, -0.954 2.2165 1.1417, -0.9379 2.2309 1.1417, -0.9168 2.2422 1.1417, -0.8934 2.2478 1.1417, -0.8833 2.2483 1.1417, -0.8607 2.2455 1.1417, -0.8394 2.2376 1.1417, -0.833 2.2341 1.1417, -0.8185 2.2642 1.1417, -0.7972 2.2896 1.1417, -0.7718 2.3081 1.1417, -0.7409 2.3207 1.1417, -0.7059 2.3252 1.1417, -0.6736 2.3212 1.1417, -0.6438 2.3098 1.1417, -0.6172 2.2913 1.1417, -0.6151 2.2894 1.1417, -0.5936 2.2638 1.1417, -0.5789 2.2333 1.1417, -0.5742 2.2117 1.1417, -0.573 2.2066 1.1417, -0.5654 2.2066 1.1417, -0.5492 2.2048 1.1417, -0.5325 2.1988 1.1417, -0.5175 2.1889 1.1417, -0.5051 2.1754 1.1417, -0.4963 2.159 1.1417, -0.4919 2.1407 1.1417, -0.4914 2.1326 1.1417, -0.492 2.1272 1.1417, -0.4932 2.1161 1.1417, -0.4993 2.099 1.1417, -0.5093 2.0839 1.1417, -0.5164 2.0768 1.1417, -0.5314 2.0665 1.1417, -0.5488 2.0602 1.1417, -0.5597 2.0586 1.1417, -0.6024 2.0586 1.1417, -0.6044 2.0588 1.1417, -0.6072 2.0595 1.1417, -0.6081 2.0595 1.1417, -0.6155 2.0586 1.1417, -0.622 2.056 1.1417, -0.6278 2.0519 1.1417, -0.6317 2.0475 1.1417, -0.6354 2.0411 1.1417, -0.6373 2.0338 1.1417, -0.6375 2.0301 1.1417, -0.6366 2.023 1.1417, -0.6341 2.0166 1.1417, -0.63 2.0106 1.1417, -0.6278 2.0084 1.1417, -0.6216 2.004 1.1417, -0.6154 2.0016 1.1417, -0.61 2.0007 1.1417, -0.554 2.0007 1.1417, -0.5224 2.0074 1.1417, -0.4935 2.0216 1.1417, -0.4677 2.0434 1.1417, -0.4488 2.0697 1.1417, -0.4369 2.0998 1.1417, -0.4334 2.1272 1.1417, -0.833 2.069 1.1417, -0.8251 2.0681 1.1417, -0.8163 2.065 1.1417, -0.8086 2.0598 1.1417, -0.8025 2.053 1.1417, -0.7984 2.0452 1.1417, -0.7962 2.0364 1.1417, -0.7962 2.0277 1.1417, -0.7985 2.0186 1.1417, -0.8029 2.0105 1.1417, -0.8081 2.0047 1.1417, -0.8153 1.9995 1.1417, -0.8235 1.9962 1.1417, -0.833 1.995 1.1417, -0.8346 1.995 1.1417, -0.8431 1.9964 1.1417, -0.8517 2.0001 1.1417, -0.859 2.0057 1.1417, -0.8644 2.0124 1.1417, -0.8681 2.0204 1.1417, -0.8699 2.0293 1.1417, -0.8694 2.0385 1.1417, -0.8666 2.0475 1.1417, -0.8617 2.0553 1.1417, -0.858 2.0593 1.1417, -0.8506 2.0645 1.1417, -0.8423 2.0678 1.1417
            ]
        }
        coordIndex [
            0,1,2,-1,3,4,5,-1,6,7,8,-1,9,10,2,-1,2,10,11,-1,2,11,0,-1,5,4,12,-1,13,14,15,-1,15,14,16,-1,15,16,17,-1,18,19,15,-1,15,19,20,-1,15,20,13,-1,13,20,21,-1,22,23,24,-1,24,23,25,-1,24,25,26,-1,26,25,27,-1,26,27,28,-1,28,27,29,-1,28,29,30,-1,30,29,2,-1,30,2,31,-1,31,2,32,-1,33,34,22,-1,22,34,35,-1,22,35,23,-1,17,36,15,-1,15,36,37,-1,15,37,38,-1,38,37,39,-1,38,39,40,-1,6,8,41,-1,41,8,42,-1,41,42,43,-1,43,42,44,-1,43,44,45,-1,4,46,12,-1,12,46,47,-1,12,47,48,-1,48,47,49,-1,48,49,6,-1,6,49,50,-1,6,50,7,-1,21,20,22,-1,22,20,51,-1,22,51,33,-1,52,53,54,-1,54,53,55,-1,54,55,56,-1,56,55,57,-1,56,57,58,-1,58,57,59,-1,58,59,60,-1,60,59,61,-1,60,61,62,-1,32,2,63,-1,63,2,1,-1,63,1,64,-1,65,66,67,-1,67,66,68,-1,67,68,69,-1,69,68,70,-1,69,70,71,-1,71,70,72,-1,71,72,73,-1,73,72,74,-1,73,74,75,-1,75,74,76,-1,75,76,77,-1,77,76,78,-1,77,78,79,-1,79,78,80,-1,79,80,81,-1,81,80,82,-1,81,82,83,-1,83,82,84,-1,83,84,52,-1,52,84,85,-1,52,85,53,-1,86,87,88,-1,88,87,89,-1,88,89,67,-1,67,89,90,-1,67,90,65,-1,91,92,93,-1,93,92,94,-1,93,94,95,-1,95,94,96,-1,95,96,97,-1,97,96,98,-1,97,98,99,-1,99,98,100,-1,99,100,9,-1,9,100,101,-1,9,101,10,-1,5,102,3,-1,3,102,103,-1,3,103,104,-1,104,103,105,-1,104,105,106,-1,106,105,107,-1,106,107,91,-1,91,107,108,-1,91,108,92,-1,40,39,109,-1,109,39,110,-1,109,110,111,-1,111,110,112,-1,111,112,113,-1,113,112,114,-1,113,114,115,-1,115,114,116,-1,115,116,117,-1,117,116,118,-1,117,118,119,-1,119,118,120,-1,119,120,121,-1,121,120,122,-1,121,122,123,-1,123,122,124,-1,123,124,125,-1,125,124,126,-1,125,126,1,-1,1,126,127,-1,1,127,64,-1,45,44,128,-1,128,44,129,-1,128,129,130,-1,130,129,131,-1,130,131,132,-1,132,131,133,-1,132,133,134,-1,134,133,135,-1,134,135,86,-1,86,135,136,-1,86,136,87,-1,137,138,139,-1,61,140,62,-1,62,140,137,-1,62,137,141,-1,141,137,139,-1,142,143,137,-1,137,143,144,-1,137,144,138,-1,145,146,147,-1,146,148,147,-1,147,148,149,-1,147,149,150,-1,142,137,147,-1,147,137,151,-1,147,151,145,-1,152,77,153,-1,153,77,79,-1,153,79,154,-1,155,73,152,-1,152,73,75,-1,152,75,77,-1,155,156,73,-1,73,156,157,-1,73,157,71,-1,71,157,158,-1,71,158,69,-1,69,158,159,-1,69,159,67,-1,67,159,160,-1,67,160,88,-1,88,160,161,-1,88,161,86,-1,134,86,162,-1,162,86,161,-1,162,163,134,-1,134,163,164,-1,134,164,132,-1,132,164,165,-1,132,165,130,-1,130,165,166,-1,130,166,128,-1,128,166,167,-1,128,167,45,-1,45,167,43,-1,43,167,168,-1,43,168,169,-1,43,169,170,-1,43,170,41,-1,41,170,171,-1,41,171,6,-1,6,171,172,-1,6,172,48,-1,48,172,173,-1,48,173,12,-1,12,173,174,-1,12,174,5,-1,5,174,175,-1,5,175,102,-1,102,175,176,-1,102,176,103,-1,103,176,177,-1,103,177,105,-1,105,177,178,-1,105,178,107,-1,107,178,179,-1,107,179,108,-1,179,180,108,-1,108,180,181,-1,108,181,92,-1,92,181,182,-1,92,182,94,-1,96,94,183,-1,183,94,182,-1,183,184,96,-1,96,184,185,-1,96,185,98,-1,98,185,186,-1,98,186,100,-1,100,186,187,-1,100,187,101,-1,101,187,188,-1,101,188,10,-1,10,188,189,-1,10,189,11,-1,11,189,190,-1,11,190,0,-1,190,191,0,-1,0,191,192,-1,0,192,1,-1,1,192,193,-1,1,193,125,-1,125,193,194,-1,125,194,123,-1,194,195,123,-1,123,195,196,-1,123,196,121,-1,121,196,197,-1,121,197,119,-1,198,38,40,-1,119,197,199,-1,200,115,199,-1,199,115,117,-1,199,117,119,-1,200,201,115,-1,115,201,202,-1,115,202,113,-1,113,202,203,-1,113,203,111,-1,111,203,204,-1,111,204,109,-1,109,204,205,-1,109,205,40,-1,40,205,206,-1,40,206,198,-1,15,38,207,-1,207,38,198,-1,18,15,208,-1,208,15,207,-1,209,19,210,-1,210,19,18,-1,210,18,208,-1,211,20,212,-1,212,20,19,-1,212,19,209,-1,213,51,214,-1,214,51,20,-1,214,20,211,-1,215,34,213,-1,213,34,33,-1,213,33,51,-1,215,216,34,-1,34,216,217,-1,34,217,35,-1,35,217,23,-1,23,217,218,-1,218,219,23,-1,23,219,220,-1,23,220,25,-1,25,220,221,-1,25,221,27,-1,27,221,222,-1,27,222,29,-1,29,222,223,-1,29,223,2,-1,224,99,225,-1,225,99,9,-1,225,9,226,-1,226,9,2,-1,226,2,223,-1,227,95,224,-1,224,95,97,-1,224,97,99,-1,227,228,95,-1,95,228,229,-1,95,229,93,-1,230,91,231,-1,231,91,93,-1,231,93,229,-1,232,104,230,-1,230,104,106,-1,230,106,91,-1,232,233,104,-1,104,233,234,-1,104,234,3,-1,3,234,235,-1,3,235,4,-1,4,235,236,-1,4,236,46,-1,46,236,237,-1,46,237,47,-1,47,237,238,-1,47,238,49,-1,49,238,239,-1,49,239,50,-1,50,239,240,-1,50,240,7,-1,7,240,241,-1,7,241,8,-1,8,241,242,-1,8,242,42,-1,42,242,243,-1,42,243,44,-1,44,243,244,-1,44,244,129,-1,129,244,245,-1,129,245,131,-1,131,245,246,-1,131,246,133,-1,133,246,247,-1,133,247,135,-1,135,247,248,-1,135,248,136,-1,136,248,249,-1,136,249,87,-1,87,249,250,-1,87,250,89,-1,89,250,251,-1,89,251,90,-1,90,251,65,-1,65,251,252,-1,65,252,253,-1,66,65,254,-1,254,65,253,-1,66,254,255,-1,66,255,68,-1,68,255,256,-1,68,256,70,-1,70,256,257,-1,70,257,72,-1,72,257,258,-1,72,258,74,-1,74,258,259,-1,74,259,76,-1,76,259,260,-1,76,260,78,-1,78,260,261,-1,78,261,80,-1,80,261,262,-1,80,262,82,-1,262,263,82,-1,82,263,264,-1,82,264,84,-1,84,264,265,-1,84,265,85,-1,85,265,266,-1,85,266,53,-1,53,266,267,-1,53,267,55,-1,55,267,268,-1,55,268,57,-1,57,268,269,-1,57,269,59,-1,61,59,270,-1,270,59,269,-1,61,270,271,-1,61,271,140,-1,140,271,272,-1,140,272,137,-1,137,272,273,-1,137,273,151,-1,151,273,274,-1,151,274,145,-1,145,274,275,-1,145,275,146,-1,146,275,276,-1,146,276,148,-1,148,276,277,-1,148,277,149,-1,149,277,278,-1,149,278,150,-1,150,278,279,-1,150,279,147,-1,147,279,280,-1,147,280,142,-1,142,280,281,-1,142,281,143,-1,143,281,282,-1,143,282,144,-1,144,282,283,-1,144,283,138,-1,138,283,284,-1,138,284,139,-1,139,284,285,-1,139,285,141,-1,141,285,286,-1,141,286,62,-1,62,286,287,-1,62,287,60,-1,58,60,288,-1,288,60,287,-1,58,288,289,-1,58,289,56,-1,56,289,290,-1,56,290,54,-1,54,290,291,-1,54,291,52,-1,52,291,292,-1,52,292,83,-1,83,292,293,-1,83,293,81,-1,81,293,79,-1,79,293,294,-1,79,294,154,-1,21,295,296,-1,21,296,13,-1,13,296,297,-1,13,297,14,-1,14,297,298,-1,14,298,16,-1,16,298,299,-1,16,299,17,-1,17,299,300,-1,17,300,36,-1,36,300,301,-1,36,301,37,-1,37,301,302,-1,37,302,39,-1,39,302,303,-1,39,303,110,-1,110,303,304,-1,110,304,112,-1,112,304,305,-1,112,305,114,-1,114,305,306,-1,114,306,116,-1,116,306,307,-1,116,307,118,-1,118,307,308,-1,118,308,120,-1,120,308,309,-1,120,309,122,-1,122,309,310,-1,122,310,124,-1,124,310,311,-1,124,311,126,-1,126,311,312,-1,126,312,127,-1,127,312,313,-1,127,313,64,-1,64,313,314,-1,64,314,63,-1,63,314,315,-1,63,315,32,-1,32,315,316,-1,32,316,31,-1,31,316,317,-1,31,317,30,-1,30,317,318,-1,30,318,28,-1,28,318,319,-1,28,319,26,-1,26,319,320,-1,26,320,24,-1,24,320,321,-1,24,321,22,-1,22,321,295,-1,22,295,21,-1,
        ]
    }
}
Shape{
    appearance Appearance {
        material  Material 	{
            diffuseColor 1.0 1.0 1.0
            specularColor 0.5019607843137255 0.5019607843137255 0.5019607843137255
            ambientIntensity 1.0
            transparency 0.0
            shininess 0.5
        }
    }
    geometry IndexedFaceSet {
        ccw TRUE
        solid FALSE
        coord DEF co Coordinate {
            point [
                -0.8346 1.995 1.1417, -0.858 2.0593 1.1417, -0.8617 2.0553 1.1417, -0.8235 1.9962 1.1417, -0.8153 1.9995 1.1417, -0.8251 2.0681 1.1417, -0.833 2.069 1.1417, -0.8423 2.0678 1.1417, -0.8506 2.0645 1.1417, -0.8681 2.0204 1.1417, -0.8644 2.0124 1.1417, -0.859 2.0057 1.1417, -0.833 1.995 1.1417, -0.8666 2.0475 1.1417, -0.8694 2.0385 1.1417, -0.8699 2.0293 1.1417, -0.8517 2.0001 1.1417, -0.8431 1.9964 1.1417, -0.8081 2.0047 1.1417, -0.8029 2.0105 1.1417, -0.7985 2.0186 1.1417, -0.7962 2.0277 1.1417, -0.7962 2.0364 1.1417, -0.7984 2.0452 1.1417, -0.8025 2.053 1.1417, -0.8086 2.0598 1.1417, -0.8163 2.065 1.1417
            ]
        }
        coordIndex [
            0,1,2,-1,3,4,5,-1,6,7,0,-1,0,7,8,-1,0,8,1,-1,9,10,2,-1,2,10,11,-1,6,0,5,-1,5,0,12,-1,5,12,3,-1,13,14,2,-1,2,14,15,-1,2,15,9,-1,11,16,2,-1,2,16,17,-1,2,17,0,-1,4,18,5,-1,5,18,19,-1,5,19,20,-1,20,21,5,-1,5,21,22,-1,5,22,23,-1,23,24,5,-1,5,24,25,-1,5,25,26,-1,
        ]
    }
}